ID,Comunidad Autónoma,Año,Todas las causas,Enfermedades infecciosas y parasitarias,Tumores,Enfermedades de la sangre,Enfermedades endocrinas,Trastornos mentales y del comportamiento,Enfermedades del sistema nervioso,Enfermedades del sistema circulatorio,Enfermedades del sistema respiratorio,Enfermedades del sistema digestivo,Enfermedades de la piel,Enfermedades del sistema osteomuscular,Enfermedades del sistema genitourinario,"Embarazo, parto y puerperio",Afecciones periodo perinatal,Anomalías congénitas y cromosómicas,Síntomas no clasificados,Causas externas,Población,Renta
0,NACIONAL,2018,427721.0,6398.0,112714.0,1946.0,13465.0,22376.0,26279.0,120859.0,53687.0,21689.0,1826.0,5205.0,13941.0,7.0,630.0,843.0,10088.0,15768.0,46729000,25727
1,Andalucía,2018,72806.0,1176.0,18261.0,297.0,2268.0,2447.0,4221.0,22706.0,8375.0,4028.0,304.0,882.0,2360.0,1.0,142.0,148.0,2709.0,2481.0,8406000,19107
2,Aragón,2018,14100.0,239.0,3610.0,44.0,448.0,723.0,918.0,4292.0,1613.0,754.0,28.0,292.0,499.0,0.0,14.0,26.0,105.0,495.0,1315000,28151
3,Asturias,2018,13238.0,215.0,3641.0,52.0,412.0,784.0,669.0,3882.0,1612.0,606.0,52.0,179.0,450.0,0.0,9.0,22.0,153.0,500.0,1024000,22789
4,Baleares,2018,8206.0,159.0,2297.0,34.0,307.0,405.0,568.0,2311.0,869.0,419.0,30.0,88.0,279.0,0.0,14.0,11.0,78.0,337.0,1175000,27682
5,Canarias,2018,16310.0,260.0,4516.0,49.0,578.0,722.0,745.0,4648.0,2292.0,822.0,97.0,115.0,507.0,0.0,43.0,39.0,236.0,641.0,2188000,20892
6,Cantabria,2018,6096.0,64.0,1707.0,25.0,145.0,550.0,382.0,1590.0,780.0,267.0,17.0,82.0,146.0,0.0,6.0,13.0,129.0,193.0,580000,23757
7,Castilla y León,2018,29297.0,401.0,7782.0,164.0,1084.0,1314.0,1563.0,8238.0,3903.0,1574.0,182.0,415.0,1023.0,2.0,23.0,39.0,465.0,1125.0,2410000,24031
8,Castilla La Mancha,2018,19574.0,224.0,4929.0,115.0,636.0,1030.0,1140.0,5319.0,2836.0,1067.0,115.0,238.0,732.0,0.0,20.0,33.0,434.0,706.0,2030000,20363
9,Cataluña,2018,66562.0,1049.0,17656.0,296.0,2262.0,4485.0,4668.0,17335.0,7932.0,3299.0,215.0,1118.0,2097.0,0.0,92.0,131.0,1057.0,2870.0,7516000,30426
10,Valencia,2018,45330.0,767.0,11662.0,224.0,1763.0,2027.0,3196.0,13016.0,5529.0,2139.0,186.0,497.0,1568.0,0.0,58.0,74.0,1150.0,1474.0,4948000,22426
11,Extremadura,2018,11451.0,163.0,3089.0,45.0,323.0,559.0,659.0,3300.0,1513.0,561.0,49.0,138.0,387.0,0.0,19.0,24.0,325.0,297.0,1067000,18769
12,Galicia,2018,32419.0,352.0,8446.0,160.0,672.0,2518.0,1696.0,9652.0,4242.0,1563.0,150.0,203.0,950.0,2.0,27.0,56.0,561.0,1169.0,2699000,23183
13,Madrid,2018,46599.0,663.0,12992.0,215.0,1112.0,2209.0,2683.0,11665.0,6916.0,2363.0,216.0,439.0,1535.0,0.0,86.0,100.0,1860.0,1545.0,6586000,35041
14,Murcia,2018,11327.0,176.0,2802.0,56.0,397.0,455.0,855.0,3214.0,1562.0,599.0,74.0,115.0,497.0,0.0,20.0,30.0,84.0,391.0,1479000,21269
15,Navarra,2018,5819.0,63.0,1556.0,31.0,176.0,388.0,543.0,1544.0,677.0,272.0,31.0,73.0,172.0,0.0,8.0,15.0,16.0,254.0,646000,31389
16,Euskadi,2018,21763.0,311.0,6359.0,113.0,658.0,1525.0,1440.0,5793.0,2328.0,1009.0,56.0,265.0,586.0,1.0,26.0,51.0,507.0,735.0,2172000,33223
17,La Rioja,2018,3205.0,48.0,849.0,14.0,110.0,181.0,228.0,985.0,365.0,152.0,15.0,35.0,84.0,0.0,4.0,6.0,26.0,103.0,312000,27225
18,Ceuta,2018,535.0,7.0,135.0,3.0,22.0,24.0,36.0,146.0,53.0,27.0,2.0,6.0,23.0,0.0,1.0,0.0,27.0,23.0,84000,20120
19,Melilla,2018,516.0,11.0,136.0,3.0,33.0,14.0,27.0,134.0,58.0,28.0,3.0,5.0,16.0,1.0,4.0,7.0,22.0,14.0,84000,18533
0,NACIONAL,2017,424523.0,6819.0,113266.0,1973.0,13296.0,21722.0,26345.0,122465.0,51615.0,20447.0,1691.0,5070.0,13188.0,13.0,629.0,814.0,9333.0,15837.0,46532000,24969
1,Andalucía,2017,71234.0,1245.0,18132.0,323.0,2220.0,2325.0,3992.0,22907.0,7851.0,3857.0,264.0,872.0,2233.0,0.0,132.0,163.0,2266.0,2452.0,8402000,18501
2,Aragón,2017,14208.0,187.0,3839.0,40.0,489.0,749.0,897.0,4311.0,1641.0,732.0,21.0,317.0,416.0,1.0,16.0,20.0,55.0,477.0,1315000,27115
3,Asturias,2017,13152.0,162.0,3626.0,57.0,347.0,741.0,708.0,3970.0,1579.0,611.0,55.0,182.0,358.0,0.0,14.0,20.0,173.0,549.0,1030000,21981
4,Baleares,2017,8353.0,186.0,2306.0,33.0,355.0,376.0,551.0,2391.0,841.0,366.0,45.0,96.0,293.0,0.0,25.0,3.0,109.0,377.0,1158000,27134
5,Canarias,2017,15254.0,291.0,4407.0,68.0,576.0,580.0,770.0,4247.0,2010.0,700.0,92.0,112.0,464.0,1.0,32.0,36.0,252.0,616.0,2163000,20457
6,Cantabria,2017,5958.0,67.0,1683.0,17.0,95.0,584.0,378.0,1636.0,752.0,218.0,13.0,81.0,150.0,1.0,5.0,11.0,90.0,177.0,580000,22767
7,Castilla y León,2017,28979.0,479.0,7744.0,140.0,1035.0,1234.0,1660.0,8473.0,3779.0,1403.0,169.0,373.0,935.0,0.0,32.0,39.0,443.0,1041.0,2423000,23169
8,Castilla La Mancha,2017,20208.0,182.0,4947.0,111.0,737.0,1073.0,1196.0,5496.0,3018.0,1110.0,105.0,237.0,712.0,0.0,28.0,40.0,444.0,772.0,2033000,19632
9,Cataluña,2017,66165.0,1035.0,17551.0,332.0,2361.0,4764.0,5019.0,17465.0,7435.0,3072.0,167.0,978.0,2031.0,4.0,94.0,103.0,917.0,2837.0,7450000,29722
10,Valencia,2017,44804.0,810.0,11778.0,215.0,1538.0,1951.0,3155.0,13507.0,4877.0,2043.0,185.0,490.0,1501.0,1.0,64.0,84.0,1128.0,1477.0,4929000,21859
11,Extremadura,2017,11585.0,158.0,3043.0,35.0,298.0,452.0,600.0,3433.0,1670.0,597.0,45.0,109.0,451.0,0.0,17.0,9.0,343.0,325.0,1073000,18170
12,Galicia,2017,31962.0,433.0,8692.0,187.0,758.0,2292.0,1545.0,9677.0,3978.0,1473.0,141.0,204.0,902.0,0.0,19.0,59.0,444.0,1158.0,2703000,22411
13,Madrid,2017,47069.0,836.0,13257.0,203.0,1123.0,2104.0,2775.0,11862.0,7008.0,2206.0,229.0,407.0,1512.0,3.0,82.0,85.0,1789.0,1588.0,6504000,34041
14,Murcia,2017,11522.0,172.0,2958.0,45.0,427.0,467.0,796.0,3379.0,1527.0,597.0,71.0,145.0,416.0,0.0,25.0,36.0,75.0,386.0,1473000,20766
15,Navarra,2017,5844.0,70.0,1587.0,35.0,206.0,372.0,564.0,1583.0,645.0,253.0,24.0,83.0,135.0,0.0,4.0,16.0,18.0,249.0,641000,30508
16,Euskadi,2017,21634.0,382.0,6356.0,101.0,552.0,1420.0,1425.0,5758.0,2345.0,920.0,49.0,312.0,554.0,0.0,21.0,58.0,556.0,825.0,2167000,32167
17,La Rioja,2017,3052.0,57.0,818.0,14.0,89.0,190.0,207.0,941.0,329.0,131.0,12.0,47.0,70.0,0.0,3.0,7.0,27.0,110.0,312000,26528
18,Ceuta,2017,560.0,17.0,149.0,2.0,26.0,17.0,30.0,176.0,54.0,28.0,0.0,5.0,20.0,0.0,2.0,6.0,10.0,18.0,85000,19537
19,Melilla,2017,494.0,18.0,131.0,5.0,24.0,16.0,28.0,116.0,60.0,11.0,0.0,7.0,17.0,1.0,6.0,4.0,28.0,22.0,84000,17934
0,NACIONAL,2016,410611.0,7033.0,112939.0,1886.0,12700.0,20980.0,25236.0,119778.0,46812.0,20096.0,1523.0,4256.0,12173.0,15.0,637.0,846.0,8033.0,15668.0,46449000,23979
1,Andalucía,2016,69231.0,1288.0,17636.0,321.0,2157.0,2542.0,4037.0,22237.0,7295.0,3812.0,237.0,789.0,2045.0,2.0,139.0,150.0,2086.0,2458.0,8403000,17659
2,Aragón,2016,13481.0,157.0,3843.0,38.0,293.0,799.0,798.0,4225.0,1377.0,717.0,25.0,270.0,414.0,0.0,18.0,29.0,44.0,434.0,1316000,25985
3,Asturias,2016,13204.0,178.0,3677.0,60.0,384.0,743.0,657.0,4284.0,1452.0,551.0,42.0,159.0,341.0,1.0,6.0,24.0,127.0,518.0,1037000,20920
4,Baleares,2016,7939.0,226.0,2219.0,36.0,304.0,397.0,469.0,2293.0,792.0,348.0,30.0,81.0,267.0,0.0,23.0,16.0,98.0,340.0,1143000,26093
5,Canarias,2016,15035.0,342.0,4368.0,51.0,626.0,560.0,710.0,4242.0,1925.0,698.0,76.0,122.0,444.0,1.0,30.0,37.0,213.0,590.0,2142000,19612
6,Cantabria,2016,5936.0,57.0,1820.0,11.0,59.0,622.0,364.0,1586.0,710.0,262.0,9.0,67.0,117.0,0.0,3.0,13.0,37.0,199.0,581000,21905
7,Castilla y León,2016,28436.0,518.0,7857.0,133.0,1071.0,1162.0,1583.0,8307.0,3517.0,1463.0,145.0,367.0,848.0,0.0,22.0,46.0,403.0,994.0,2444000,22408
8,Castilla La Mancha,2016,19144.0,219.0,4963.0,113.0,668.0,978.0,1098.0,5239.0,2650.0,1030.0,119.0,226.0,659.0,1.0,20.0,32.0,375.0,754.0,2043000,18752
9,Cataluña,2016,63289.0,1043.0,17645.0,293.0,2120.0,4346.0,4862.0,16906.0,6611.0,3039.0,170.0,489.0,1830.0,2.0,94.0,108.0,771.0,2960.0,7416000,28680
10,Valencia,2016,42697.0,828.0,11853.0,220.0,1405.0,1777.0,2879.0,13000.0,4379.0,1928.0,173.0,477.0,1408.0,1.0,69.0,94.0,803.0,1403.0,4927000,20948
11,Extremadura,2016,11237.0,166.0,3110.0,42.0,314.0,393.0,545.0,3362.0,1506.0,598.0,39.0,99.0,370.0,0.0,12.0,22.0,336.0,323.0,1081000,17117
12,Galicia,2016,31757.0,400.0,8705.0,168.0,837.0,2336.0,1655.0,9971.0,3448.0,1463.0,145.0,168.0,917.0,0.0,39.0,50.0,183.0,1272.0,2713000,21482
13,Madrid,2016,45066.0,904.0,12934.0,197.0,1125.0,1898.0,2609.0,11443.0,6530.0,2086.0,190.0,400.0,1338.0,2.0,88.0,120.0,1699.0,1503.0,6445000,32840
14,Murcia,2016,10867.0,172.0,2965.0,46.0,362.0,407.0,729.0,3229.0,1372.0,540.0,40.0,109.0,380.0,1.0,25.0,34.0,81.0,375.0,1468000,19997
15,Navarra,2016,5727.0,76.0,1618.0,28.0,213.0,388.0,479.0,1511.0,611.0,278.0,18.0,100.0,130.0,0.0,6.0,13.0,19.0,239.0,638000,29375
16,Euskadi,2016,21224.0,337.0,6321.0,99.0,583.0,1412.0,1438.0,5726.0,2064.0,937.0,56.0,270.0,534.0,2.0,24.0,37.0,596.0,788.0,2165000,31004
17,La Rioja,2016,2967.0,42.0,852.0,10.0,81.0,178.0,231.0,873.0,285.0,147.0,4.0,41.0,78.0,1.0,3.0,4.0,28.0,109.0,312000,25636
18,Ceuta,2016,508.0,15.0,139.0,3.0,28.0,20.0,28.0,139.0,52.0,26.0,1.0,5.0,13.0,0.0,2.0,1.0,16.0,20.0,84000,19316
19,Melilla,2016,486.0,11.0,134.0,5.0,25.0,10.0,26.0,134.0,51.0,21.0,0.0,6.0,15.0,1.0,5.0,3.0,22.0,17.0,84000,17783
0,NACIONAL,2015,422568.0,7567.0,111381.0,2028.0,14065.0,21333.0,25835.0,124197.0,51848.0,20360.0,1563.0,4148.0,12169.0,15.0,674.0,802.0,9504.0,15079.0,46410000,23219
1,Andalucía,2015,72001.0,1450.0,17461.0,355.0,2460.0,2536.0,4124.0,23523.0,8468.0,3794.0,230.0,742.0,2033.0,1.0,145.0,160.0,2284.0,2235.0,8398000,17235
2,Aragón,2015,14339.0,221.0,3719.0,68.0,565.0,811.0,857.0,4532.0,1564.0,693.0,47.0,237.0,382.0,0.0,17.0,29.0,127.0,470.0,1321000,24874
3,Asturias,2015,13550.0,180.0,3603.0,52.0,374.0,843.0,675.0,4388.0,1617.0,624.0,50.0,144.0,348.0,1.0,5.0,27.0,119.0,500.0,1044000,20471
4,Baleares,2015,8322.0,246.0,2198.0,31.0,383.0,334.0,533.0,2418.0,927.0,355.0,21.0,87.0,272.0,1.0,16.0,15.0,125.0,360.0,1129000,25002
5,Canarias,2015,15110.0,288.0,4270.0,64.0,929.0,563.0,737.0,4092.0,1954.0,720.0,74.0,112.0,437.0,0.0,26.0,31.0,197.0,616.0,2127000,19065
6,Cantabria,2015,6041.0,72.0,1745.0,17.0,95.0,510.0,363.0,1647.0,795.0,294.0,8.0,72.0,114.0,0.0,12.0,7.0,109.0,181.0,583000,21122
7,Castilla y León,2015,29302.0,504.0,7867.0,170.0,1172.0,1329.0,1632.0,8724.0,3743.0,1353.0,157.0,416.0,839.0,1.0,26.0,40.0,436.0,893.0,2464000,21603
8,Castilla La Mancha,2015,19923.0,229.0,4914.0,109.0,676.0,1030.0,1213.0,5589.0,2868.0,1079.0,96.0,207.0,688.0,1.0,23.0,31.0,422.0,748.0,2054000,18069
9,Cataluña,2015,64866.0,1023.0,17415.0,364.0,1841.0,4549.0,4866.0,17927.0,7088.0,3285.0,187.0,459.0,1903.0,4.0,94.0,122.0,838.0,2901.0,7396000,27630
10,Valencia,2015,44351.0,950.0,11618.0,194.0,1480.0,2048.0,3081.0,13451.0,5148.0,1990.0,167.0,454.0,1389.0,2.0,63.0,74.0,822.0,1420.0,4931000,20301
11,Extremadura,2015,11519.0,153.0,3307.0,32.0,325.0,401.0,587.0,3513.0,1491.0,557.0,35.0,125.0,339.0,0.0,24.0,22.0,339.0,269.0,1087000,16460
12,Galicia,2015,31688.0,517.0,8283.0,175.0,1056.0,2156.0,1532.0,9523.0,3977.0,1434.0,146.0,193.0,829.0,0.0,33.0,50.0,542.0,1242.0,2725000,20794
13,Madrid,2015,46859.0,952.0,12781.0,191.0,1200.0,1901.0,2548.0,12119.0,7340.0,2055.0,177.0,413.0,1409.0,2.0,102.0,86.0,2155.0,1428.0,6401000,31907
14,Murcia,2015,11233.0,205.0,2884.0,48.0,420.0,415.0,800.0,3282.0,1553.0,576.0,48.0,87.0,413.0,1.0,28.0,27.0,87.0,359.0,1464000,19462
15,Navarra,2015,5680.0,70.0,1626.0,23.0,242.0,340.0,464.0,1498.0,634.0,252.0,25.0,85.0,132.0,0.0,9.0,10.0,19.0,251.0,636000,28520
16,Euskadi,2015,21511.0,363.0,6377.0,109.0,669.0,1361.0,1460.0,5791.0,2124.0,973.0,81.0,249.0,526.0,0.0,28.0,45.0,676.0,679.0,2163000,30046
17,La Rioja,2015,3093.0,57.0,859.0,10.0,88.0,164.0,261.0,948.0,286.0,145.0,4.0,40.0,64.0,0.0,3.0,3.0,32.0,129.0,312000,25453
18,Ceuta,2015,504.0,16.0,136.0,2.0,23.0,21.0,23.0,142.0,54.0,23.0,3.0,6.0,10.0,0.0,6.0,2.0,16.0,21.0,84000,18907
19,Melilla,2015,516.0,14.0,116.0,2.0,32.0,14.0,29.0,140.0,54.0,29.0,4.0,6.0,19.0,1.0,7.0,8.0,27.0,14.0,84000,17257
0,NACIONAL,2014,395830.0,6508.0,110278.0,1784.0,13013.0,18706.0,23394.0,117393.0,43841.0,19385.0,1318.0,3679.0,11530.0,9.0,778.0,828.0,8483.0,14903.0,46455000,22218
1,Andalucía,2014,66322.0,1255.0,17088.0,279.0,2039.0,2293.0,3750.0,21995.0,6861.0,3515.0,238.0,635.0,1863.0,6.0,191.0,156.0,1806.0,2352.0,8390000,16413
2,Aragón,2014,13742.0,209.0,3793.0,67.0,555.0,756.0,787.0,4191.0,1379.0,652.0,31.0,253.0,395.0,1.0,16.0,23.0,180.0,454.0,1328000,24308
3,Asturias,2014,12812.0,167.0,3548.0,48.0,356.0,772.0,685.0,4070.0,1382.0,585.0,24.0,133.0,368.0,0.0,9.0,22.0,123.0,520.0,1054000,19594
4,Baleares,2014,7847.0,157.0,2117.0,42.0,298.0,397.0,469.0,2288.0,778.0,368.0,35.0,105.0,263.0,0.0,17.0,15.0,143.0,355.0,1120000,23892
5,Canarias,2014,14331.0,261.0,4230.0,67.0,1360.0,472.0,698.0,3488.0,1688.0,587.0,63.0,124.0,454.0,0.0,24.0,43.0,208.0,564.0,2118000,18536
6,Cantabria,2014,5899.0,111.0,1710.0,19.0,88.0,341.0,316.0,1629.0,738.0,269.0,25.0,44.0,173.0,0.0,7.0,9.0,139.0,281.0,586000,20568
7,Castilla y León,2014,27787.0,444.0,7911.0,133.0,1180.0,1128.0,1516.0,8268.0,3165.0,1386.0,105.0,384.0,734.0,0.0,28.0,53.0,373.0,979.0,2485000,20737
8,Castilla La Mancha,2014,18379.0,218.0,4859.0,79.0,614.0,882.0,1087.0,5251.0,2410.0,959.0,96.0,203.0,595.0,0.0,23.0,36.0,345.0,722.0,2067000,17099
9,Cataluña,2014,61319.0,1043.0,17231.0,363.0,1724.0,3955.0,4590.0,16929.0,6282.0,3016.0,145.0,365.0,1772.0,1.0,110.0,109.0,936.0,2748.0,7399000,26403
10,Valencia,2014,41550.0,670.0,11474.0,180.0,1417.0,2022.0,2882.0,12748.0,4125.0,1951.0,150.0,445.0,1328.0,0.0,74.0,77.0,660.0,1347.0,4947000,19469
11,Extremadura,2014,10799.0,167.0,3015.0,35.0,301.0,288.0,554.0,3428.0,1229.0,588.0,33.0,114.0,329.0,0.0,14.0,34.0,388.0,282.0,1093000,15564
12,Galicia,2014,29929.0,419.0,8233.0,185.0,744.0,1947.0,1405.0,9586.0,3274.0,1404.0,140.0,171.0,727.0,0.0,23.0,44.0,361.0,1266.0,2739000,19782
13,Madrid,2014,43064.0,696.0,12916.0,112.0,964.0,1453.0,1949.0,11446.0,6274.0,1993.0,116.0,273.0,1399.0,1.0,150.0,80.0,1971.0,1271.0,6376000,30574
14,Murcia,2014,10397.0,186.0,2859.0,43.0,390.0,343.0,695.0,3051.0,1265.0,558.0,38.0,76.0,406.0,0.0,33.0,26.0,74.0,354.0,1462000,18260
15,Navarra,2014,5511.0,76.0,1646.0,24.0,221.0,279.0,410.0,1481.0,598.0,283.0,10.0,73.0,117.0,0.0,10.0,27.0,44.0,212.0,636000,27524
16,Euskadi,2014,20166.0,320.0,6359.0,75.0,588.0,1188.0,1290.0,5395.0,1873.0,948.0,59.0,219.0,490.0,0.0,17.0,50.0,590.0,705.0,2165000,28946
17,La Rioja,2014,2886.0,30.0,786.0,14.0,89.0,170.0,240.0,889.0,278.0,137.0,3.0,44.0,69.0,0.0,3.0,5.0,19.0,110.0,314000,24471
18,Ceuta,2014,509.0,16.0,134.0,3.0,23.0,3.0,23.0,170.0,43.0,34.0,1.0,3.0,15.0,0.0,5.0,1.0,10.0,25.0,84000,18236
19,Melilla,2014,485.0,15.0,126.0,3.0,20.0,8.0,24.0,150.0,47.0,26.0,0.0,3.0,11.0,0.0,6.0,4.0,24.0,18.0,84000,16684
0,NACIONAL,2013,390419.0,6209.0,111021.0,1639.0,12206.0,16977.0,21486.0,117484.0,42565.0,19378.0,1290.0,3361.0,11689.0,18.0,713.0,758.0,8947.0,14678.0,46593000,21899
1,Andalucía,2013,65690.0,1110.0,17424.0,245.0,1796.0,2000.0,3423.0,21674.0,6796.0,3689.0,241.0,646.0,2032.0,6.0,184.0,129.0,1988.0,2307.0,8387000,16221
2,Aragón,2013,13353.0,192.0,3764.0,49.0,484.0,626.0,669.0,4215.0,1261.0,711.0,23.0,243.0,352.0,2.0,13.0,23.0,320.0,406.0,1334000,24041
3,Asturias,2013,12722.0,147.0,3620.0,33.0,356.0,713.0,674.0,4174.0,1300.0,538.0,40.0,125.0,337.0,1.0,8.0,17.0,109.0,530.0,1062000,19518
4,Baleares,2013,7660.0,143.0,2083.0,32.0,270.0,339.0,444.0,2346.0,755.0,373.0,28.0,64.0,254.0,0.0,19.0,16.0,165.0,329.0,1112000,23304
5,Canarias,2013,13621.0,233.0,4270.0,50.0,1251.0,477.0,661.0,3112.0,1544.0,611.0,46.0,111.0,442.0,1.0,19.0,37.0,178.0,578.0,2108000,18512
6,Cantabria,2013,5603.0,148.0,1685.0,16.0,65.0,378.0,278.0,1579.0,623.0,232.0,27.0,12.0,169.0,0.0,10.0,6.0,82.0,293.0,588000,20159
7,Castilla y León,2013,27507.0,434.0,8083.0,124.0,1060.0,1042.0,1382.0,8290.0,3079.0,1350.0,117.0,313.0,726.0,1.0,35.0,43.0,457.0,971.0,2506000,20550
8,Castilla La Mancha,2013,18228.0,201.0,4889.0,74.0,730.0,747.0,979.0,5424.0,2181.0,929.0,85.0,187.0,580.0,0.0,30.0,35.0,352.0,805.0,2083000,17351
9,Cataluña,2013,60807.0,1054.0,17479.0,351.0,1858.0,3756.0,4273.0,17026.0,6126.0,2973.0,121.0,383.0,1610.0,4.0,92.0,127.0,912.0,2662.0,7443000,25795
10,Valencia,2013,40519.0,595.0,11440.0,200.0,1349.0,1848.0,2516.0,12690.0,4088.0,1942.0,146.0,328.0,1327.0,2.0,53.0,78.0,622.0,1295.0,4967000,18987
11,Extremadura,2013,11043.0,169.0,3225.0,35.0,264.0,287.0,499.0,3421.0,1391.0,556.0,26.0,122.0,381.0,0.0,11.0,16.0,361.0,279.0,1098000,15532
12,Galicia,2013,30433.0,375.0,8442.0,145.0,485.0,1781.0,1288.0,10264.0,3228.0,1480.0,149.0,152.0,978.0,0.0,26.0,36.0,483.0,1121.0,2753000,19586
13,Madrid,2013,42393.0,763.0,12890.0,125.0,913.0,1204.0,1940.0,11149.0,6035.0,1994.0,106.0,257.0,1387.0,1.0,128.0,72.0,2112.0,1317.0,6392000,30131
14,Murcia,2013,10115.0,172.0,2731.0,45.0,385.0,316.0,533.0,3106.0,1252.0,493.0,37.0,75.0,455.0,0.0,39.0,34.0,100.0,342.0,1461000,18181
15,Navarra,2013,5323.0,66.0,1587.0,22.0,127.0,208.0,384.0,1572.0,552.0,280.0,23.0,72.0,140.0,0.0,6.0,15.0,45.0,224.0,637000,27060
16,Euskadi,2013,19720.0,312.0,6142.0,73.0,640.0,1096.0,1223.0,5419.0,1875.0,942.0,59.0,221.0,402.0,0.0,27.0,45.0,499.0,745.0,2170000,28387
17,La Rioja,2013,2871.0,39.0,804.0,10.0,86.0,123.0,240.0,917.0,261.0,136.0,9.0,34.0,61.0,0.0,3.0,9.0,27.0,112.0,316000,23796
18,Ceuta,2013,531.0,14.0,138.0,2.0,30.0,10.0,24.0,174.0,47.0,24.0,2.0,4.0,16.0,0.0,4.0,4.0,20.0,18.0,84000,18365
19,Melilla,2013,461.0,12.0,107.0,1.0,34.0,18.0,24.0,139.0,35.0,27.0,1.0,7.0,19.0,0.0,2.0,3.0,23.0,9.0,83000,16613
0,NACIONAL,2012,402950.0,6520.0,110993.0,1555.0,12824.0,17145.0,22089.0,122097.0,47336.0,19797.0,1306.0,3766.0,11839.0,10.0,829.0,823.0,10017.0,14004.0,46766000,22048
1,Andalucía,2012,68361.0,1091.0,17677.0,238.0,1950.0,2104.0,3452.0,22745.0,7816.0,3806.0,214.0,637.0,2059.0,1.0,177.0,165.0,1894.0,2335.0,8383000,16462
2,Aragón,2012,13724.0,189.0,3735.0,59.0,478.0,647.0,678.0,4265.0,1530.0,682.0,42.0,272.0,378.0,0.0,20.0,18.0,345.0,386.0,1340000,23840
3,Asturias,2012,13151.0,167.0,3740.0,40.0,424.0,694.0,657.0,4186.0,1481.0,571.0,40.0,103.0,372.0,0.0,20.0,20.0,129.0,507.0,1070000,19954
4,Baleares,2012,8068.0,131.0,2179.0,26.0,248.0,353.0,426.0,2447.0,893.0,377.0,29.0,75.0,302.0,1.0,19.0,9.0,225.0,328.0,1104000,23525
5,Canarias,2012,14081.0,267.0,4287.0,60.0,1315.0,553.0,644.0,3468.0,1479.0,618.0,61.0,103.0,403.0,1.0,26.0,38.0,186.0,572.0,2092000,18733
6,Cantabria,2012,5812.0,128.0,1724.0,31.0,96.0,348.0,295.0,1696.0,610.0,227.0,23.0,34.0,166.0,0.0,10.0,9.0,132.0,283.0,591000,20585
7,Castilla y León,2012,28259.0,439.0,8066.0,103.0,1095.0,1054.0,1381.0,8532.0,3520.0,1374.0,106.0,342.0,742.0,1.0,32.0,43.0,517.0,912.0,2527000,20922
8,Castilla La Mancha,2012,19051.0,219.0,4889.0,71.0,762.0,798.0,996.0,5641.0,2666.0,980.0,78.0,176.0,580.0,0.0,34.0,32.0,340.0,789.0,2099000,17572
9,Cataluña,2012,62977.0,1138.0,17252.0,311.0,1907.0,3789.0,4411.0,18034.0,6861.0,3053.0,143.0,771.0,1602.0,0.0,118.0,142.0,983.0,2462.0,7496000,25806
10,Valencia,2012,42303.0,660.0,11424.0,203.0,1417.0,1853.0,2609.0,13608.0,4476.0,1949.0,157.0,336.0,1453.0,3.0,70.0,81.0,643.0,1361.0,4999000,19038
11,Extremadura,2012,11347.0,197.0,3197.0,43.0,319.0,323.0,478.0,3500.0,1524.0,572.0,29.0,112.0,327.0,0.0,9.0,15.0,388.0,314.0,1102000,15485
12,Galicia,2012,30871.0,408.0,8442.0,72.0,498.0,1770.0,1407.0,10287.0,3534.0,1518.0,140.0,175.0,916.0,1.0,27.0,38.0,568.0,1070.0,2765000,19514
13,Madrid,2012,42799.0,803.0,12717.0,140.0,1026.0,974.0,2195.0,10929.0,6429.0,1978.0,122.0,228.0,1353.0,1.0,162.0,105.0,2726.0,911.0,6426000,30349
14,Murcia,2012,10680.0,184.0,2658.0,30.0,344.0,316.0,605.0,3407.0,1441.0,546.0,29.0,68.0,463.0,0.0,54.0,33.0,126.0,376.0,1461000,18141
15,Navarra,2012,5376.0,62.0,1557.0,20.0,132.0,208.0,371.0,1556.0,639.0,298.0,16.0,77.0,154.0,0.0,5.0,12.0,55.0,214.0,639000,27030
16,Euskadi,2012,20281.0,332.0,6148.0,81.0,642.0,1201.0,1212.0,5736.0,1918.0,956.0,59.0,197.0,449.0,0.0,27.0,40.0,569.0,714.0,2180000,28697
17,La Rioja,2012,3023.0,39.0,887.0,11.0,78.0,147.0,211.0,952.0,282.0,139.0,9.0,36.0,76.0,0.0,6.0,9.0,35.0,106.0,320000,23857
18,Ceuta,2012,487.0,13.0,114.0,5.0,36.0,4.0,26.0,161.0,51.0,29.0,4.0,3.0,11.0,0.0,3.0,1.0,11.0,15.0,84000,18116
19,Melilla,2012,471.0,16.0,124.0,2.0,19.0,3.0,17.0,127.0,62.0,17.0,3.0,10.0,17.0,0.0,3.0,2.0,32.0,17.0,82000,16573
0,NACIONAL,2011,387911.0,6398.0,109341.0,1528.0,12789.0,15276.0,20254.0,118327.0,42243.0,19576.0,1169.0,3387.0,11011.0,14.0,833.0,920.0,10612.0,14233.0,46736000,22761
1,Andalucía,2011,65702.0,1116.0,17022.0,241.0,1740.0,1962.0,3250.0,22304.0,6996.0,3692.0,195.0,621.0,1947.0,4.0,192.0,185.0,1919.0,2316.0,8352000,17167
2,Aragón,2011,13553.0,172.0,3781.0,56.0,507.0,609.0,709.0,4232.0,1353.0,692.0,40.0,244.0,404.0,1.0,37.0,31.0,312.0,373.0,1344000,24819
3,Asturias,2011,12678.0,159.0,3735.0,35.0,459.0,646.0,590.0,4043.0,1254.0,614.0,44.0,125.0,326.0,0.0,23.0,29.0,116.0,480.0,1075000,20812
4,Baleares,2011,7668.0,115.0,2079.0,33.0,239.0,353.0,394.0,2333.0,747.0,441.0,27.0,82.0,277.0,1.0,24.0,12.0,191.0,320.0,1095000,24098
5,Canarias,2011,13565.0,216.0,4101.0,66.0,1408.0,498.0,607.0,3371.0,1302.0,616.0,36.0,110.0,376.0,0.0,33.0,51.0,278.0,496.0,2074000,19574
6,Cantabria,2011,5606.0,156.0,1645.0,19.0,62.0,281.0,260.0,1724.0,564.0,258.0,21.0,39.0,159.0,0.0,4.0,10.0,173.0,231.0,591000,21338
7,Castilla y León,2011,27075.0,424.0,7846.0,118.0,1016.0,886.0,1270.0,8288.0,3072.0,1386.0,95.0,316.0,781.0,1.0,46.0,34.0,495.0,1001.0,2541000,21475
8,Castilla La Mancha,2011,18053.0,283.0,4912.0,60.0,714.0,740.0,863.0,5443.0,2219.0,919.0,69.0,179.0,527.0,3.0,26.0,35.0,354.0,707.0,2103000,18190
9,Cataluña,2011,60188.0,1091.0,17258.0,319.0,2196.0,3209.0,3844.0,16807.0,6122.0,2916.0,123.0,354.0,1520.0,1.0,120.0,149.0,1292.0,2867.0,7504000,26507
10,Valencia,2011,40788.0,632.0,11486.0,198.0,1357.0,1628.0,2280.0,13191.0,4156.0,2068.0,150.0,336.0,1278.0,1.0,80.0,93.0,611.0,1243.0,5002000,19933
11,Extremadura,2011,10584.0,149.0,2986.0,41.0,363.0,287.0,512.0,3350.0,1232.0,554.0,23.0,107.0,296.0,1.0,27.0,24.0,354.0,278.0,1103000,16074
12,Galicia,2011,29879.0,406.0,8314.0,68.0,519.0,1578.0,1394.0,9686.0,3259.0,1437.0,98.0,218.0,812.0,0.0,31.0,46.0,936.0,1077.0,2771000,20121
13,Madrid,2011,41614.0,781.0,12338.0,141.0,1031.0,852.0,1911.0,11110.0,5906.0,1943.0,126.0,253.0,1280.0,0.0,91.0,111.0,2720.0,1020.0,6409000,30966
14,Murcia,2011,10197.0,192.0,2764.0,34.0,290.0,311.0,528.0,3218.0,1225.0,533.0,45.0,73.0,376.0,1.0,38.0,27.0,106.0,436.0,1461000,18641
15,Navarra,2011,5158.0,75.0,1549.0,11.0,111.0,195.0,323.0,1547.0,577.0,282.0,15.0,61.0,142.0,0.0,3.0,11.0,39.0,217.0,638000,28097
16,Euskadi,2011,19832.0,328.0,6260.0,60.0,612.0,1091.0,1208.0,5658.0,1763.0,944.0,51.0,213.0,395.0,0.0,34.0,45.0,491.0,679.0,2184000,29364
17,La Rioja,2011,2885.0,32.0,844.0,12.0,80.0,123.0,246.0,907.0,255.0,135.0,7.0,41.0,53.0,0.0,7.0,8.0,30.0,105.0,321000,24630
18,Ceuta,2011,515.0,15.0,125.0,2.0,24.0,10.0,24.0,167.0,53.0,18.0,1.0,6.0,20.0,0.0,4.0,5.0,21.0,20.0,82000,19000
19,Melilla,2011,477.0,11.0,107.0,1.0,24.0,9.0,16.0,153.0,52.0,22.0,1.0,2.0,23.0,0.0,0.0,2.0,31.0,23.0,80000,17684
0,NACIONAL,2010,382047.0,6489.0,107220.0,1519.0,12598.0,14821.0,19285.0,119128.0,40266.0,19097.0,1144.0,3327.0,10493.0,20.0,831.0,971.0,10772.0,14066.0,46562000,23038
1,Andalucía,2010,64471.0,1025.0,16642.0,214.0,2194.0,1932.0,2928.0,22120.0,6418.0,3756.0,167.0,550.0,1764.0,4.0,199.0,219.0,2013.0,2326.0,8302000,17434
2,Aragón,2010,13194.0,201.0,3655.0,47.0,404.0,581.0,660.0,4093.0,1329.0,668.0,30.0,219.0,414.0,0.0,16.0,36.0,375.0,466.0,1343000,25173
3,Asturias,2010,12725.0,169.0,3680.0,58.0,401.0,674.0,619.0,4211.0,1212.0,599.0,37.0,119.0,298.0,0.0,14.0,24.0,99.0,511.0,1076000,21125
4,Baleares,2010,7683.0,112.0,2129.0,38.0,221.0,356.0,443.0,2451.0,627.0,387.0,30.0,87.0,258.0,0.0,23.0,17.0,186.0,318.0,1087000,24397
5,Canarias,2010,12801.0,229.0,3995.0,69.0,1135.0,508.0,583.0,3339.0,1106.0,533.0,30.0,112.0,331.0,1.0,36.0,38.0,202.0,554.0,2053000,19878
6,Cantabria,2010,5466.0,110.0,1603.0,10.0,76.0,255.0,243.0,1757.0,552.0,236.0,31.0,50.0,137.0,1.0,11.0,7.0,178.0,209.0,589000,21772
7,Castilla y León,2010,27097.0,487.0,7959.0,108.0,911.0,851.0,1142.0,8440.0,2929.0,1415.0,124.0,328.0,831.0,1.0,27.0,47.0,526.0,971.0,2545000,21596
8,Castilla La Mancha,2010,17457.0,268.0,4572.0,66.0,617.0,695.0,845.0,5475.0,2154.0,921.0,86.0,182.0,478.0,0.0,34.0,42.0,334.0,688.0,2090000,18515
9,Cataluña,2010,59700.0,1139.0,17218.0,325.0,2328.0,3123.0,3761.0,17087.0,5919.0,2835.0,89.0,353.0,1338.0,4.0,117.0,139.0,1258.0,2667.0,7477000,26976
10,Valencia,2010,40129.0,658.0,10967.0,174.0,1250.0,1664.0,2203.0,13500.0,3888.0,1956.0,160.0,356.0,1221.0,2.0,102.0,98.0,567.0,1363.0,4988000,20285
11,Extremadura,2010,10816.0,190.0,3023.0,41.0,293.0,272.0,449.0,3441.0,1254.0,605.0,37.0,129.0,336.0,0.0,28.0,18.0,408.0,292.0,1100000,16480
12,Galicia,2010,29749.0,436.0,8112.0,77.0,636.0,1339.0,1316.0,9837.0,3477.0,1298.0,100.0,204.0,760.0,1.0,29.0,41.0,1002.0,1084.0,2771000,20481
13,Madrid,2010,40828.0,812.0,12278.0,128.0,837.0,884.0,1806.0,10949.0,5512.0,1945.0,113.0,269.0,1291.0,3.0,110.0,143.0,2778.0,970.0,6384000,30879
14,Murcia,2010,9976.0,167.0,2735.0,38.0,305.0,276.0,569.0,3231.0,1135.0,507.0,31.0,60.0,386.0,0.0,35.0,30.0,111.0,360.0,1456000,19164
15,Navarra,2010,4981.0,85.0,1404.0,21.0,162.0,153.0,321.0,1510.0,577.0,280.0,22.0,69.0,107.0,0.0,3.0,6.0,66.0,195.0,635000,28306
16,Euskadi,2010,19363.0,294.0,6015.0,88.0,655.0,1100.0,1133.0,5678.0,1691.0,897.0,44.0,192.0,414.0,1.0,30.0,42.0,459.0,630.0,2181000,29655
17,La Rioja,2010,2855.0,33.0,813.0,9.0,75.0,124.0,206.0,967.0,231.0,132.0,8.0,34.0,67.0,1.0,2.0,7.0,34.0,112.0,319000,24938
18,Ceuta,2010,536.0,27.0,132.0,1.0,27.0,11.0,22.0,137.0,77.0,24.0,2.0,4.0,21.0,1.0,5.0,5.0,21.0,19.0,80000,19583
19,Melilla,2010,407.0,13.0,89.0,1.0,26.0,14.0,10.0,137.0,44.0,13.0,1.0,3.0,19.0,0.0,0.0,1.0,26.0,10.0,77000,18285
0,NACIONAL,2009,384933.0,6843.0,105132.0,1468.0,12462.0,14456.0,18780.0,120057.0,43282.0,19557.0,1197.0,3461.0,10850.0,17.0,900.0,889.0,11086.0,14496.0,46367000,23062
1,Andalucía,2009,64730.0,1119.0,16397.0,194.0,2069.0,1815.0,2907.0,22275.0,6828.0,3861.0,197.0,507.0,1732.0,7.0,229.0,216.0,1898.0,2479.0,8244000,17573
2,Aragón,2009,13268.0,191.0,3626.0,50.0,515.0,519.0,640.0,3946.0,1386.0,734.0,36.0,204.0,463.0,2.0,30.0,20.0,424.0,482.0,1344000,24965
3,Asturias,2009,12759.0,147.0,3563.0,49.0,388.0,673.0,621.0,4290.0,1287.0,649.0,32.0,130.0,308.0,0.0,20.0,14.0,133.0,455.0,1076000,20941
4,Baleares,2009,7794.0,116.0,2090.0,40.0,232.0,341.0,447.0,2563.0,683.0,414.0,21.0,81.0,226.0,0.0,25.0,16.0,188.0,311.0,1078000,24561
5,Canarias,2009,12896.0,298.0,3689.0,43.0,1021.0,464.0,552.0,3591.0,1245.0,593.0,60.0,83.0,304.0,0.0,37.0,42.0,295.0,579.0,2034000,19810
6,Cantabria,2009,5513.0,137.0,1552.0,8.0,158.0,226.0,199.0,1651.0,688.0,252.0,31.0,55.0,171.0,0.0,8.0,3.0,177.0,197.0,586000,21795
7,Castilla y León,2009,27148.0,524.0,7749.0,128.0,770.0,925.0,1200.0,8512.0,3104.0,1344.0,106.0,325.0,799.0,0.0,21.0,37.0,618.0,986.0,2547000,21509
8,Castilla La Mancha,2009,17771.0,307.0,4581.0,77.0,626.0,603.0,797.0,5390.0,2382.0,865.0,54.0,207.0,470.0,2.0,29.0,30.0,676.0,675.0,2075000,18586
9,Cataluña,2009,60261.0,1084.0,16567.0,292.0,2176.0,3124.0,3646.0,17499.0,6225.0,2793.0,131.0,573.0,1821.0,2.0,141.0,125.0,1558.0,2504.0,7447000,26874
10,Valencia,2009,40085.0,715.0,10788.0,164.0,1455.0,1606.0,2188.0,13091.0,4194.0,1910.0,158.0,377.0,1190.0,2.0,100.0,92.0,699.0,1356.0,4984000,20352
11,Extremadura,2009,10748.0,202.0,2901.0,28.0,295.0,281.0,429.0,3413.0,1328.0,560.0,38.0,112.0,321.0,0.0,22.0,20.0,510.0,288.0,1097000,16251
12,Galicia,2009,30180.0,498.0,8107.0,66.0,717.0,1325.0,1249.0,9799.0,3642.0,1377.0,107.0,193.0,751.0,0.0,33.0,39.0,1020.0,1257.0,2769000,20333
13,Madrid,2009,41268.0,801.0,12206.0,157.0,844.0,886.0,1708.0,11453.0,6111.0,2172.0,127.0,268.0,1243.0,2.0,95.0,120.0,1914.0,1161.0,6354000,31220
14,Murcia,2009,10331.0,206.0,2668.0,31.0,319.0,289.0,527.0,3408.0,1246.0,530.0,34.0,74.0,389.0,0.0,32.0,41.0,145.0,392.0,1448000,19103
15,Navarra,2009,5147.0,61.0,1499.0,22.0,147.0,175.0,310.0,1518.0,599.0,272.0,31.0,63.0,135.0,0.0,6.0,15.0,55.0,239.0,630000,28402
16,Euskadi,2009,19614.0,333.0,5948.0,91.0,556.0,1082.0,1114.0,5798.0,1840.0,937.0,28.0,170.0,421.0,0.0,38.0,30.0,558.0,670.0,2177000,29364
17,La Rioja,2009,2745.0,41.0,780.0,12.0,78.0,98.0,184.0,879.0,278.0,147.0,3.0,22.0,54.0,0.0,10.0,8.0,40.0,111.0,319000,24682
18,Ceuta,2009,550.0,22.0,120.0,2.0,23.0,9.0,23.0,165.0,75.0,24.0,0.0,3.0,26.0,0.0,2.0,4.0,29.0,23.0,77000,19938
19,Melilla,2009,401.0,11.0,87.0,2.0,28.0,10.0,7.0,125.0,37.0,26.0,0.0,4.0,14.0,0.0,6.0,3.0,29.0,12.0,74000,18751
0,NACIONAL,2008,386324.0,7712.0,104054.0,1342.0,12337.0,13040.0,17496.0,122793.0,44200.0,19476.0,1211.0,3404.0,10579.0,24.0,944.0,924.0,11499.0,15289.0,45983000,24129
1,Andalucía,2008,65583.0,1253.0,16399.0,171.0,2048.0,1630.0,2699.0,22904.0,6957.0,3865.0,213.0,526.0,1736.0,10.0,222.0,225.0,2096.0,2629.0,8168000,18513
2,Aragón,2008,13398.0,240.0,3478.0,50.0,452.0,514.0,603.0,4273.0,1321.0,734.0,43.0,238.0,440.0,1.0,18.0,17.0,504.0,472.0,1336000,26296
3,Asturias,2008,12741.0,195.0,3611.0,39.0,387.0,632.0,562.0,4262.0,1372.0,581.0,43.0,122.0,283.0,0.0,18.0,26.0,149.0,459.0,1074000,22201
4,Baleares,2008,7488.0,149.0,2031.0,24.0,245.0,284.0,352.0,2442.0,696.0,384.0,14.0,67.0,252.0,2.0,27.0,20.0,181.0,318.0,1057000,26077
5,Canarias,2008,13462.0,335.0,3800.0,49.0,1096.0,415.0,478.0,3843.0,1265.0,615.0,45.0,102.0,303.0,1.0,42.0,40.0,280.0,753.0,2010000,21049
6,Cantabria,2008,5522.0,136.0,1545.0,27.0,180.0,236.0,239.0,1601.0,753.0,230.0,31.0,52.0,109.0,0.0,13.0,6.0,167.0,197.0,581000,22818
7,Castilla y León,2008,27392.0,653.0,7655.0,92.0,851.0,786.0,1181.0,8561.0,3048.0,1411.0,115.0,312.0,851.0,1.0,32.0,46.0,788.0,1009.0,2546000,22242
8,Castilla La Mancha,2008,18167.0,381.0,4557.0,64.0,697.0,550.0,751.0,5733.0,2409.0,892.0,62.0,210.0,491.0,0.0,35.0,48.0,598.0,689.0,2050000,19471
9,Cataluña,2008,60110.0,1182.0,16545.0,269.0,2086.0,2998.0,3499.0,17794.0,6169.0,2795.0,131.0,565.0,1641.0,3.0,137.0,155.0,1609.0,2532.0,7377000,28157
10,Valencia,2008,40059.0,837.0,10619.0,159.0,1360.0,1371.0,1996.0,13241.0,4209.0,2051.0,161.0,325.0,1145.0,2.0,124.0,90.0,915.0,1454.0,4959000,21677
11,Extremadura,2008,10441.0,219.0,2782.0,21.0,318.0,254.0,385.0,3448.0,1188.0,502.0,22.0,97.0,297.0,1.0,29.0,21.0,577.0,280.0,1091000,16720
12,Galicia,2008,29629.0,528.0,7881.0,73.0,687.0,1146.0,1124.0,10095.0,3690.0,1319.0,93.0,185.0,670.0,0.0,42.0,39.0,861.0,1196.0,2760000,21145
13,Madrid,2008,41270.0,824.0,11982.0,134.0,774.0,800.0,1544.0,11729.0,6654.0,1999.0,120.0,254.0,1274.0,0.0,93.0,95.0,1681.0,1313.0,6283000,32025
14,Murcia,2008,10399.0,195.0,2676.0,32.0,317.0,210.0,475.0,3461.0,1274.0,517.0,43.0,98.0,407.0,2.0,44.0,24.0,176.0,448.0,1431000,20327
15,Navarra,2008,5292.0,81.0,1433.0,23.0,147.0,173.0,309.0,1592.0,676.0,295.0,27.0,47.0,134.0,0.0,3.0,14.0,106.0,232.0,622000,29772
16,Euskadi,2008,19433.0,382.0,5810.0,92.0,542.0,931.0,1049.0,5686.0,1942.0,978.0,36.0,163.0,448.0,0.0,33.0,36.0,597.0,708.0,2166000,30819
17,La Rioja,2008,2860.0,33.0,772.0,8.0,83.0,80.0,188.0,939.0,324.0,155.0,7.0,21.0,50.0,1.0,13.0,6.0,57.0,123.0,318000,25898
18,Ceuta,2008,497.0,27.0,130.0,5.0,23.0,15.0,22.0,144.0,46.0,23.0,2.0,2.0,14.0,0.0,3.0,3.0,23.0,15.0,75000,20626
19,Melilla,2008,455.0,18.0,104.0,1.0,13.0,8.0,18.0,143.0,46.0,21.0,1.0,6.0,19.0,0.0,3.0,2.0,34.0,18.0,72000,19435
0,NACIONAL,2007,385361.0,7782.0,103329.0,1289.0,12237.0,12310.0,16723.0,124126.0,44029.0,19650.0,1186.0,3384.0,10170.0,13.0,969.0,890.0,11358.0,15916.0,45236000,23776
1,Andalucía,2007,65224.0,1242.0,16113.0,183.0,2080.0,1507.0,2550.0,23387.0,7116.0,3632.0,199.0,525.0,1566.0,2.0,248.0,203.0,2133.0,2538.0,8052000,18382
2,Aragón,2007,13280.0,205.0,3591.0,52.0,431.0,406.0,593.0,4297.0,1357.0,686.0,35.0,224.0,422.0,1.0,30.0,25.0,448.0,477.0,1309000,25855
3,Asturias,2007,12667.0,192.0,3434.0,42.0,393.0,631.0,520.0,4314.0,1394.0,599.0,38.0,104.0,308.0,1.0,30.0,27.0,143.0,497.0,1068000,21634
4,Baleares,2007,7233.0,144.0,2015.0,40.0,227.0,222.0,305.0,2350.0,727.0,369.0,15.0,68.0,210.0,0.0,20.0,7.0,159.0,355.0,1025000,25811
5,Canarias,2007,13142.0,323.0,3588.0,37.0,1110.0,353.0,469.0,3954.0,1180.0,568.0,66.0,95.0,278.0,0.0,49.0,49.0,313.0,710.0,1968000,21050
6,Cantabria,2007,5615.0,135.0,1549.0,17.0,147.0,181.0,189.0,1748.0,699.0,281.0,24.0,48.0,143.0,0.0,7.0,9.0,226.0,212.0,572000,22390
7,Castilla y León,2007,27353.0,662.0,7862.0,116.0,808.0,737.0,1126.0,8678.0,3096.0,1343.0,102.0,311.0,810.0,0.0,30.0,52.0,560.0,1060.0,2528000,21938
8,Castilla La Mancha,2007,18146.0,325.0,4638.0,50.0,680.0,563.0,744.0,5718.0,2335.0,938.0,60.0,227.0,501.0,0.0,48.0,39.0,563.0,717.0,2003000,19154
9,Cataluña,2007,60005.0,1216.0,16431.0,245.0,1973.0,2899.0,3381.0,18003.0,6284.0,2934.0,120.0,548.0,1636.0,4.0,116.0,108.0,1546.0,2561.0,7232000,27983
10,Valencia,2007,39971.0,835.0,10348.0,156.0,1388.0,1360.0,1841.0,13445.0,4237.0,2051.0,153.0,335.0,1093.0,1.0,108.0,90.0,938.0,1592.0,4867000,21462
11,Extremadura,2007,10759.0,223.0,2832.0,26.0,340.0,263.0,400.0,3520.0,1313.0,556.0,31.0,111.0,286.0,0.0,16.0,21.0,506.0,315.0,1085000,16177
12,Galicia,2007,30159.0,634.0,8045.0,53.0,652.0,974.0,1072.0,10242.0,3739.0,1376.0,119.0,200.0,652.0,1.0,47.0,30.0,930.0,1393.0,2747000,20425
13,Madrid,2007,41393.0,853.0,11875.0,135.0,816.0,864.0,1613.0,11733.0,6292.0,2185.0,131.0,274.0,1231.0,2.0,95.0,117.0,1782.0,1395.0,6152000,31490
14,Murcia,2007,10072.0,177.0,2479.0,27.0,273.0,214.0,420.0,3410.0,1254.0,559.0,27.0,61.0,399.0,0.0,39.0,42.0,178.0,513.0,1404000,19920
15,Navarra,2007,5163.0,95.0,1478.0,10.0,162.0,159.0,287.0,1509.0,655.0,269.0,21.0,52.0,118.0,0.0,5.0,13.0,105.0,225.0,609000,29136
16,Euskadi,2007,19251.0,395.0,5812.0,70.0,598.0,875.0,976.0,5708.0,1855.0,988.0,33.0,151.0,398.0,1.0,59.0,36.0,564.0,732.0,2151000,29883
17,La Rioja,2007,2846.0,42.0,787.0,16.0,84.0,72.0,172.0,944.0,275.0,154.0,5.0,35.0,50.0,0.0,6.0,5.0,76.0,123.0,312000,25438
18,Ceuta,2007,537.0,33.0,118.0,1.0,24.0,12.0,24.0,162.0,57.0,29.0,3.0,3.0,20.0,0.0,6.0,4.0,26.0,15.0,74000,20283
19,Melilla,2007,433.0,12.0,93.0,1.0,20.0,12.0,17.0,128.0,34.0,26.0,2.0,4.0,20.0,0.0,2.0,3.0,45.0,14.0,70000,19325
0,NACIONAL,2006,371478.0,7201.0,101683.0,1227.0,11523.0,12107.0,15721.0,120760.0,39510.0,19351.0,1083.0,3363.0,9405.0,14.0,911.0,934.0,10546.0,16139.0,44360000,22629
1,Andalucía,2006,62428.0,1151.0,15793.0,160.0,2084.0,1489.0,2379.0,22356.0,6213.0,3573.0,177.0,527.0,1469.0,7.0,224.0,225.0,1888.0,2713.0,7923000,17483
2,Aragón,2006,12989.0,237.0,3512.0,48.0,417.0,428.0,569.0,4165.0,1187.0,741.0,37.0,201.0,399.0,1.0,22.0,23.0,429.0,573.0,1283000,24239
3,Asturias,2006,12342.0,199.0,3412.0,36.0,352.0,650.0,522.0,4167.0,1278.0,601.0,30.0,117.0,272.0,1.0,20.0,23.0,126.0,536.0,1063000,20269
4,Baleares,2006,7250.0,132.0,2013.0,31.0,230.0,246.0,334.0,2466.0,608.0,362.0,18.0,67.0,225.0,0.0,24.0,17.0,155.0,322.0,987000,25010
5,Canarias,2006,12692.0,275.0,3524.0,39.0,829.0,330.0,387.0,3887.0,1205.0,666.0,57.0,102.0,256.0,0.0,45.0,54.0,294.0,742.0,1921000,20323
6,Cantabria,2006,5449.0,114.0,1536.0,13.0,166.0,209.0,163.0,1673.0,665.0,255.0,30.0,44.0,131.0,0.0,5.0,7.0,213.0,225.0,564000,21163
7,Castilla y León,2006,26150.0,545.0,7711.0,110.0,826.0,761.0,1066.0,8380.0,2747.0,1309.0,82.0,275.0,733.0,1.0,35.0,40.0,489.0,1040.0,2502000,20721
8,Castilla La Mancha,2006,17276.0,320.0,4349.0,55.0,626.0,508.0,737.0,5558.0,2110.0,899.0,60.0,198.0,427.0,0.0,33.0,37.0,641.0,718.0,1941000,18132
9,Cataluña,2006,57863.0,1135.0,16238.0,234.0,1766.0,2901.0,3025.0,17599.0,5635.0,2898.0,112.0,595.0,1538.0,3.0,109.0,116.0,1480.0,2479.0,7076000,26708
10,Valencia,2006,38569.0,753.0,10263.0,154.0,1340.0,1294.0,1764.0,13073.0,3839.0,1948.0,122.0,360.0,975.0,1.0,98.0,97.0,907.0,1581.0,4736000,20654
11,Extremadura,2006,10359.0,192.0,2822.0,38.0,350.0,213.0,408.0,3425.0,1082.0,602.0,24.0,94.0,275.0,0.0,21.0,25.0,450.0,338.0,1077000,15128
12,Galicia,2006,29389.0,531.0,8035.0,46.0,668.0,872.0,1044.0,10077.0,3462.0,1315.0,99.0,176.0,646.0,0.0,43.0,44.0,841.0,1490.0,2733000,19049
13,Madrid,2006,39882.0,823.0,11761.0,133.0,774.0,932.0,1498.0,11450.0,5596.0,2172.0,120.0,275.0,1133.0,0.0,107.0,101.0,1609.0,1398.0,6003000,30124
14,Murcia,2006,9708.0,196.0,2501.0,26.0,283.0,222.0,393.0,3290.0,1084.0,511.0,40.0,83.0,332.0,0.0,45.0,35.0,187.0,480.0,1367000,18966
15,Navarra,2006,4952.0,82.0,1389.0,19.0,134.0,146.0,266.0,1552.0,567.0,284.0,25.0,54.0,100.0,0.0,6.0,20.0,65.0,243.0,596000,27925
16,Euskadi,2006,18507.0,393.0,5581.0,63.0,532.0,826.0,938.0,5614.0,1742.0,950.0,39.0,159.0,380.0,0.0,38.0,47.0,513.0,692.0,2134000,28225
17,La Rioja,2006,2653.0,37.0,763.0,9.0,68.0,64.0,162.0,858.0,272.0,124.0,8.0,28.0,56.0,0.0,12.0,6.0,70.0,116.0,304000,24307
18,Ceuta,2006,479.0,23.0,116.0,1.0,25.0,7.0,19.0,147.0,56.0,14.0,1.0,0.0,15.0,0.0,8.0,4.0,27.0,16.0,73000,19372
19,Melilla,2006,454.0,10.0,99.0,0.0,29.0,3.0,16.0,156.0,39.0,17.0,0.0,0.0,19.0,0.0,3.0,2.0,55.0,6.0,67000,18985
0,NACIONAL,2005,387355.0,7493.0,100206.0,1316.0,12421.0,12539.0,15697.0,126907.0,47089.0,19624.0,1107.0,3596.0,9567.0,18.0,942.0,962.0,10969.0,16902.0,43662000,21239
1,Andalucía,2005,65904.0,1265.0,15690.0,183.0,2175.0,1545.0,2271.0,24116.0,7636.0,3763.0,202.0,529.0,1547.0,5.0,220.0,210.0,1774.0,2773.0,7803000,16477
2,Aragón,2005,13682.0,273.0,3527.0,55.0,418.0,449.0,563.0,4343.0,1574.0,726.0,47.0,217.0,354.0,0.0,29.0,36.0,453.0,618.0,1263000,22680
3,Asturias,2005,12703.0,189.0,3370.0,39.0,381.0,631.0,531.0,4312.0,1441.0,609.0,34.0,140.0,259.0,0.0,29.0,20.0,196.0,522.0,1062000,18675
4,Baleares,2005,7361.0,142.0,1933.0,29.0,220.0,200.0,307.0,2476.0,784.0,371.0,12.0,88.0,248.0,0.0,22.0,20.0,170.0,339.0,954000,23874
5,Canarias,2005,12799.0,302.0,3449.0,62.0,847.0,344.0,440.0,3972.0,1191.0,634.0,57.0,111.0,275.0,0.0,47.0,44.0,297.0,727.0,1876000,19523
6,Cantabria,2005,5370.0,121.0,1383.0,12.0,172.0,220.0,174.0,1668.0,719.0,268.0,25.0,37.0,150.0,1.0,10.0,6.0,199.0,205.0,558000,19963
7,Castilla y León,2005,27468.0,469.0,7401.0,117.0,869.0,800.0,1070.0,8686.0,3549.0,1295.0,103.0,338.0,758.0,1.0,48.0,43.0,807.0,1114.0,2487000,19544
8,Castilla La Mancha,2005,18028.0,334.0,4217.0,58.0,691.0,540.0,748.0,5727.0,2507.0,925.0,57.0,263.0,407.0,2.0,29.0,50.0,711.0,762.0,1895000,17044
9,Cataluña,2005,61777.0,1226.0,16124.0,251.0,2065.0,3118.0,3082.0,19087.0,6998.0,2960.0,129.0,580.0,1639.0,3.0,112.0,134.0,1652.0,2617.0,6944000,25116
10,Valencia,2005,40240.0,798.0,10230.0,129.0,1405.0,1315.0,1752.0,13950.0,4510.0,2064.0,119.0,342.0,1029.0,0.0,102.0,79.0,755.0,1661.0,4625000,19490
11,Extremadura,2005,11171.0,216.0,2860.0,40.0,348.0,223.0,391.0,3774.0,1426.0,576.0,28.0,113.0,300.0,1.0,19.0,22.0,452.0,382.0,1072000,14240
12,Galicia,2005,29383.0,566.0,7922.0,61.0,682.0,834.0,1038.0,9969.0,3671.0,1333.0,103.0,207.0,585.0,1.0,39.0,38.0,833.0,1501.0,2724000,17639
13,Madrid,2005,40842.0,809.0,11571.0,125.0,893.0,989.0,1585.0,11798.0,6235.0,2121.0,97.0,273.0,1069.0,2.0,122.0,139.0,1541.0,1473.0,5912000,28036
14,Murcia,2005,9942.0,157.0,2438.0,37.0,299.0,231.0,376.0,3372.0,1305.0,518.0,30.0,81.0,301.0,1.0,43.0,44.0,184.0,525.0,1335000,17871
15,Navarra,2005,5196.0,106.0,1393.0,12.0,164.0,159.0,241.0,1594.0,691.0,228.0,20.0,72.0,125.0,0.0,6.0,6.0,108.0,271.0,587000,26394
16,Euskadi,2005,19417.0,410.0,5460.0,86.0,622.0,832.0,921.0,5887.0,2213.0,951.0,31.0,157.0,392.0,1.0,32.0,40.0,608.0,774.0,2121000,26245
17,La Rioja,2005,2862.0,42.0,777.0,10.0,84.0,76.0,148.0,920.0,341.0,133.0,7.0,30.0,66.0,0.0,8.0,13.0,60.0,147.0,300000,22793
18,Ceuta,2005,497.0,20.0,111.0,1.0,32.0,11.0,11.0,163.0,66.0,23.0,3.0,1.0,15.0,0.0,6.0,1.0,15.0,18.0,72000,18330
19,Melilla,2005,414.0,7.0,93.0,4.0,22.0,9.0,16.0,119.0,49.0,17.0,1.0,5.0,15.0,0.0,1.0,5.0,29.0,22.0,66000,18141
0,NACIONAL,2004,371934.0,7218.0,100485.0,1291.0,11918.0,11878.0,14123.0,123867.0,39149.0,19357.0,994.0,3546.0,8534.0,21.0,1002.0,1002.0,10505.0,17044.0,42859000,20053
1,Andalucía,2004,63036.0,1188.0,16028.0,142.0,2086.0,1299.0,2010.0,23184.0,6270.0,3614.0,157.0,506.0,1433.0,5.0,248.0,246.0,1804.0,2816.0,7649000,15491
2,Aragón,2004,13175.0,220.0,3534.0,55.0,411.0,440.0,533.0,4198.0,1415.0,692.0,44.0,220.0,345.0,1.0,28.0,36.0,447.0,556.0,1244000,21405
3,Asturias,2004,12550.0,215.0,3427.0,36.0,392.0,618.0,505.0,4297.0,1277.0,546.0,21.0,114.0,243.0,1.0,18.0,27.0,262.0,551.0,1062000,17229
4,Baleares,2004,7050.0,138.0,1905.0,24.0,248.0,234.0,290.0,2410.0,641.0,368.0,18.0,93.0,177.0,2.0,30.0,12.0,139.0,321.0,924000,22858
5,Canarias,2004,12517.0,286.0,3450.0,70.0,702.0,324.0,385.0,4029.0,1024.0,678.0,49.0,124.0,219.0,2.0,69.0,61.0,359.0,686.0,1826000,18737
6,Cantabria,2004,5214.0,112.0,1492.0,19.0,150.0,203.0,152.0,1611.0,613.0,235.0,32.0,36.0,131.0,0.0,10.0,10.0,214.0,194.0,551000,18720
7,Castilla y León,2004,26341.0,494.0,7397.0,135.0,863.0,715.0,1016.0,8536.0,2886.0,1237.0,97.0,354.0,606.0,1.0,31.0,53.0,709.0,1211.0,2475000,18400
8,Castilla La Mancha,2004,17443.0,312.0,4430.0,61.0,665.0,516.0,668.0,5651.0,2018.0,921.0,42.0,243.0,430.0,0.0,34.0,32.0,688.0,732.0,1849000,15979
9,Cataluña,2004,57716.0,1114.0,16182.0,245.0,1929.0,3005.0,2541.0,17766.0,5541.0,3060.0,104.0,574.0,1421.0,3.0,142.0,117.0,1396.0,2576.0,6782000,23938
10,Valencia,2004,38379.0,816.0,10026.0,133.0,1362.0,1143.0,1723.0,13702.0,3654.0,1982.0,104.0,348.0,923.0,1.0,85.0,80.0,700.0,1597.0,4496000,18607
11,Extremadura,2004,10421.0,173.0,2769.0,36.0,368.0,239.0,324.0,3572.0,1127.0,494.0,27.0,136.0,210.0,0.0,22.0,26.0,494.0,404.0,1066000,13159
12,Galicia,2004,28540.0,537.0,7848.0,66.0,668.0,816.0,894.0,9982.0,3383.0,1272.0,96.0,196.0,506.0,1.0,32.0,46.0,779.0,1418.0,2714000,16327
13,Madrid,2004,40293.0,837.0,11436.0,124.0,888.0,1050.0,1493.0,12136.0,5297.0,2183.0,117.0,280.0,1016.0,4.0,135.0,131.0,1451.0,1715.0,5808000,26439
14,Murcia,2004,9595.0,163.0,2485.0,12.0,303.0,222.0,302.0,3267.0,1118.0,517.0,19.0,72.0,297.0,0.0,47.0,39.0,185.0,547.0,1291000,16853
15,Navarra,2004,5003.0,92.0,1378.0,16.0,153.0,149.0,231.0,1541.0,603.0,262.0,22.0,44.0,108.0,0.0,14.0,12.0,107.0,271.0,579000,24891
16,Euskadi,2004,18679.0,407.0,5482.0,89.0,554.0,783.0,859.0,5772.0,1789.0,1014.0,35.0,164.0,372.0,0.0,38.0,54.0,521.0,746.0,2107000,24540
17,La Rioja,2004,2666.0,27.0,763.0,18.0,86.0,71.0,131.0,898.0,258.0,135.0,7.0,21.0,51.0,0.0,7.0,7.0,32.0,154.0,294000,21615
18,Ceuta,2004,491.0,20.0,110.0,4.0,28.0,15.0,17.0,157.0,55.0,26.0,0.0,1.0,14.0,0.0,4.0,2.0,14.0,24.0,71000,17478
19,Melilla,2004,455.0,19.0,102.0,1.0,35.0,11.0,23.0,138.0,33.0,26.0,3.0,4.0,13.0,0.0,0.0,0.0,31.0,16.0,64000,17479
0,NACIONAL,2003,384828.0,7302.0,99826.0,1244.0,12147.0,13072.0,14813.0,129783.0,43803.0,19576.0,1020.0,3558.0,9040.0,20.0,887.0,1029.0,11011.0,16697.0,42196000,19013
1,Andalucía,2003,64843.0,1213.0,15525.0,152.0,2186.0,1430.0,1998.0,24485.0,6926.0,3638.0,149.0,549.0,1554.0,8.0,211.0,229.0,1691.0,2899.0,7544000,14537
2,Aragón,2003,13694.0,208.0,3484.0,46.0,412.0,514.0,588.0,4461.0,1561.0,729.0,42.0,202.0,374.0,0.0,23.0,29.0,524.0,497.0,1231000,20282
3,Asturias,2003,12752.0,208.0,3402.0,32.0,369.0,574.0,491.0,4399.0,1437.0,598.0,33.0,107.0,265.0,2.0,27.0,33.0,251.0,524.0,1062000,16201
4,Baleares,2003,7355.0,120.0,1890.0,20.0,235.0,272.0,301.0,2615.0,742.0,369.0,24.0,81.0,173.0,0.0,23.0,19.0,190.0,281.0,898000,22029
5,Canarias,2003,12341.0,297.0,3264.0,40.0,644.0,368.0,418.0,4229.0,1001.0,643.0,45.0,120.0,275.0,1.0,49.0,61.0,305.0,581.0,1779000,18206
6,Cantabria,2003,5399.0,100.0,1446.0,19.0,141.0,187.0,199.0,1737.0,670.0,250.0,27.0,39.0,122.0,0.0,7.0,6.0,255.0,194.0,544000,17780
7,Castilla y León,2003,27004.0,495.0,7512.0,118.0,899.0,784.0,990.0,8814.0,3082.0,1270.0,90.0,317.0,650.0,0.0,30.0,57.0,817.0,1079.0,2467000,17363
8,Castilla La Mancha,2003,17832.0,334.0,4300.0,62.0,657.0,506.0,628.0,6066.0,2209.0,835.0,52.0,245.0,402.0,0.0,25.0,28.0,744.0,739.0,1815000,15195
9,Cataluña,2003,60719.0,1225.0,15938.0,257.0,1981.0,3515.0,2995.0,18883.0,6347.0,2970.0,115.0,608.0,1406.0,3.0,129.0,124.0,1510.0,2713.0,6639000,22818
10,Valencia,2003,40121.0,775.0,10053.0,132.0,1324.0,1353.0,1768.0,14347.0,4215.0,2045.0,104.0,334.0,967.0,2.0,80.0,102.0,884.0,1636.0,4381000,17832
11,Extremadura,2003,11227.0,200.0,2931.0,31.0,385.0,241.0,324.0,3908.0,1310.0,571.0,26.0,138.0,257.0,1.0,22.0,20.0,470.0,392.0,1062000,12351
12,Galicia,2003,29805.0,508.0,7910.0,67.0,725.0,848.0,875.0,10434.0,3923.0,1288.0,124.0,239.0,540.0,0.0,39.0,61.0,829.0,1395.0,2707000,15215
13,Madrid,2003,41429.0,863.0,11673.0,119.0,959.0,1166.0,1488.0,12289.0,5907.0,2294.0,99.0,277.0,1109.0,1.0,124.0,131.0,1455.0,1475.0,5708000,25053
14,Murcia,2003,9704.0,162.0,2364.0,28.0,335.0,276.0,368.0,3298.0,1183.0,483.0,20.0,80.0,322.0,1.0,34.0,55.0,184.0,511.0,1260000,16071
15,Navarra,2003,5247.0,91.0,1382.0,11.0,177.0,150.0,241.0,1691.0,667.0,252.0,20.0,49.0,117.0,0.0,8.0,13.0,120.0,258.0,572000,23633
16,Euskadi,2003,19306.0,385.0,5549.0,88.0,559.0,783.0,927.0,5896.0,2065.0,1040.0,30.0,145.0,406.0,0.0,34.0,39.0,556.0,804.0,2097000,23165
17,La Rioja,2003,2728.0,41.0,741.0,6.0,87.0,84.0,146.0,898.0,304.0,138.0,12.0,18.0,65.0,0.0,8.0,5.0,46.0,129.0,287000,20851
18,Ceuta,2003,495.0,19.0,118.0,3.0,20.0,4.0,19.0,175.0,56.0,30.0,1.0,0.0,12.0,1.0,4.0,3.0,16.0,14.0,71000,16629
19,Melilla,2003,454.0,9.0,121.0,4.0,26.0,2.0,20.0,151.0,39.0,20.0,3.0,4.0,7.0,0.0,4.0,2.0,28.0,14.0,65000,16310
0,NACIONAL,2002,368618.0,6736.0,97784.0,1256.0,11593.0,11682.0,12512.0,125797.0,41427.0,18947.0,1012.0,3497.0,8359.0,14.0,915.0,987.0,10169.0,15931.0,41423000,18095
1,Andalucía,2002,61742.0,1120.0,15523.0,207.0,2156.0,1306.0,1753.0,23034.0,6469.0,3440.0,175.0,523.0,1420.0,6.0,215.0,228.0,1587.0,2580.0,7437000,13574
2,Aragón,2002,12985.0,163.0,3366.0,40.0,411.0,469.0,459.0,4339.0,1424.0,733.0,50.0,189.0,328.0,0.0,23.0,31.0,464.0,496.0,1217000,19193
3,Asturias,2002,12424.0,191.0,3245.0,40.0,394.0,512.0,475.0,4313.0,1471.0,602.0,37.0,122.0,224.0,0.0,16.0,30.0,277.0,475.0,1062000,15346
4,Baleares,2002,7114.0,123.0,1858.0,19.0,188.0,212.0,259.0,2536.0,737.0,375.0,17.0,81.0,185.0,1.0,21.0,14.0,181.0,307.0,866000,21793
5,Canarias,2002,11863.0,280.0,3136.0,49.0,586.0,326.0,338.0,4121.0,1134.0,620.0,46.0,119.0,220.0,1.0,39.0,44.0,256.0,548.0,1730000,17491
6,Cantabria,2002,5278.0,98.0,1503.0,8.0,123.0,161.0,136.0,1783.0,631.0,250.0,24.0,32.0,130.0,0.0,9.0,6.0,196.0,188.0,538000,17076
7,Castilla y León,2002,26349.0,452.0,7345.0,129.0,882.0,693.0,847.0,8717.0,2972.0,1322.0,80.0,343.0,632.0,0.0,41.0,57.0,729.0,1108.0,2458000,16419
8,Castilla La Mancha,2002,17577.0,324.0,4329.0,46.0,649.0,549.0,620.0,5960.0,2078.0,888.0,49.0,243.0,385.0,0.0,35.0,39.0,725.0,658.0,1777000,14300
9,Cataluña,2002,57862.0,1133.0,15688.0,231.0,1740.0,3000.0,2505.0,18539.0,5892.0,2889.0,98.0,592.0,1314.0,3.0,132.0,137.0,1298.0,2671.0,6470000,21877
10,Valencia,2002,38023.0,657.0,9641.0,124.0,1325.0,1128.0,1343.0,13454.0,4380.0,1984.0,127.0,343.0,926.0,1.0,96.0,71.0,876.0,1547.0,4254000,17229
11,Extremadura,2002,10549.0,172.0,2748.0,40.0,403.0,193.0,304.0,3726.0,1209.0,526.0,26.0,122.0,246.0,0.0,16.0,23.0,454.0,341.0,1058000,11592
12,Galicia,2002,28353.0,483.0,7634.0,52.0,675.0,875.0,759.0,10096.0,3631.0,1227.0,93.0,221.0,495.0,0.0,46.0,45.0,758.0,1263.0,2699000,14256
13,Madrid,2002,39281.0,782.0,11235.0,138.0,901.0,1065.0,1252.0,12106.0,5181.0,2149.0,113.0,253.0,1043.0,2.0,105.0,131.0,1381.0,1444.0,5561000,24023
14,Murcia,2002,9441.0,155.0,2461.0,25.0,318.0,267.0,277.0,3206.0,1125.0,468.0,23.0,70.0,275.0,0.0,41.0,59.0,186.0,485.0,1224000,15223
15,Navarra,2002,4989.0,87.0,1418.0,13.0,138.0,121.0,216.0,1624.0,558.0,255.0,14.0,54.0,103.0,0.0,11.0,8.0,129.0,240.0,562000,22611
16,Euskadi,2002,18627.0,398.0,5471.0,73.0,527.0,698.0,807.0,5896.0,1944.0,951.0,29.0,136.0,339.0,0.0,32.0,38.0,480.0,808.0,2087000,22051
17,La Rioja,2002,2634.0,33.0,705.0,10.0,91.0,67.0,109.0,924.0,305.0,118.0,5.0,29.0,50.0,0.0,9.0,4.0,30.0,145.0,281000,19705
18,Ceuta,2002,509.0,17.0,128.0,1.0,23.0,12.0,21.0,175.0,53.0,19.0,1.0,5.0,7.0,0.0,7.0,4.0,16.0,20.0,70000,15636
19,Melilla,2002,446.0,17.0,97.0,1.0,28.0,9.0,16.0,157.0,40.0,16.0,3.0,8.0,15.0,0.0,4.0,6.0,18.0,11.0,65000,15172
0,NACIONAL,2001,360131.0,6557.0,97714.0,1118.0,11223.0,11346.0,11677.0,124389.0,37362.0,18407.0,983.0,3352.0,8278.0,17.0,894.0,955.0,9860.0,15999.0,40766000,17196
1,Andalucía,2001,59959.0,1210.0,15295.0,172.0,2052.0,1161.0,1741.0,22542.0,5901.0,3179.0,192.0,517.0,1405.0,10.0,201.0,202.0,1576.0,2603.0,7341000,12764
2,Aragón,2001,12741.0,166.0,3459.0,43.0,360.0,423.0,468.0,4316.0,1273.0,659.0,30.0,189.0,339.0,0.0,26.0,21.0,478.0,491.0,1203000,17934
3,Asturias,2001,11926.0,179.0,3352.0,35.0,394.0,531.0,401.0,4169.0,1159.0,634.0,25.0,102.0,202.0,0.0,25.0,17.0,220.0,481.0,1063000,14487
4,Baleares,2001,7020.0,121.0,1873.0,20.0,212.0,223.0,251.0,2397.0,694.0,366.0,18.0,72.0,200.0,0.0,36.0,10.0,194.0,333.0,836000,21353
5,Canarias,2001,11928.0,279.0,3072.0,42.0,583.0,298.0,280.0,4205.0,1170.0,614.0,60.0,91.0,242.0,2.0,48.0,62.0,321.0,559.0,1687000,16804
6,Cantabria,2001,5077.0,130.0,1483.0,11.0,118.0,212.0,146.0,1574.0,604.0,234.0,16.0,27.0,104.0,0.0,3.0,5.0,240.0,170.0,534000,16123
7,Castilla y León,2001,25355.0,424.0,7133.0,114.0,826.0,725.0,797.0,8585.0,2584.0,1271.0,79.0,337.0,643.0,2.0,28.0,53.0,684.0,1070.0,2459000,15466
8,Castilla La Mancha,2001,17255.0,289.0,4204.0,59.0,626.0,530.0,586.0,6133.0,1887.0,847.0,40.0,214.0,417.0,0.0,34.0,52.0,713.0,624.0,1756000,13459
9,Cataluña,2001,56437.0,1035.0,15831.0,182.0,1701.0,2887.0,2289.0,18167.0,5311.0,2819.0,120.0,621.0,1221.0,1.0,126.0,123.0,1177.0,2826.0,6330000,20953
10,Valencia,2001,37259.0,610.0,9793.0,100.0,1283.0,1136.0,1297.0,13640.0,3778.0,1958.0,116.0,300.0,917.0,2.0,90.0,96.0,674.0,1469.0,4150000,16504
11,Extremadura,2001,10338.0,185.0,2759.0,24.0,364.0,112.0,251.0,3587.0,1277.0,525.0,23.0,119.0,253.0,0.0,23.0,25.0,455.0,356.0,1058000,10881
12,Galicia,2001,28300.0,413.0,7806.0,55.0,701.0,830.0,698.0,10380.0,3298.0,1219.0,86.0,191.0,499.0,0.0,35.0,43.0,757.0,1289.0,2696000,13373
13,Madrid,2001,38558.0,768.0,11364.0,130.0,855.0,1113.0,1196.0,11820.0,4805.0,2138.0,98.0,275.0,1024.0,0.0,104.0,140.0,1308.0,1420.0,5405000,23049
14,Murcia,2001,9145.0,163.0,2321.0,23.0,343.0,259.0,236.0,3214.0,998.0,448.0,22.0,70.0,278.0,0.0,45.0,42.0,183.0,500.0,1191000,14383
15,Navarra,2001,4813.0,73.0,1398.0,13.0,135.0,110.0,206.0,1607.0,488.0,227.0,22.0,49.0,86.0,0.0,8.0,9.0,141.0,241.0,554000,21506
16,Euskadi,2001,18087.0,381.0,5498.0,78.0,506.0,684.0,725.0,5759.0,1616.0,977.0,25.0,147.0,346.0,0.0,35.0,39.0,507.0,764.0,2082000,20934
17,La Rioja,2001,2526.0,51.0,651.0,9.0,87.0,67.0,71.0,889.0,268.0,122.0,10.0,16.0,62.0,0.0,9.0,3.0,64.0,147.0,276000,18985
18,Ceuta,2001,457.0,18.0,108.0,0.0,23.0,17.0,9.0,172.0,41.0,15.0,1.0,4.0,10.0,0.0,3.0,1.0,13.0,22.0,71000,14736
19,Melilla,2001,399.0,11.0,96.0,2.0,22.0,12.0,6.0,144.0,27.0,24.0,0.0,5.0,10.0,0.0,6.0,3.0,19.0,12.0,66000,14414
0,NACIONAL,2000,360391.0,6284.0,95072.0,1210.0,10892.0,11149.0,10476.0,125723.0,40983.0,18419.0,944.0,3158.0,7918.0,14.0,859.0,1112.0,9637.0,16541.0,40554000,15975
1,Andalucía,2000,60366.0,1216.0,14718.0,206.0,2024.0,1189.0,1517.0,23131.0,6386.0,3287.0,183.0,494.0,1363.0,2.0,202.0,243.0,1584.0,2621.0,7301000,11856
2,Aragón,2000,12576.0,205.0,3315.0,42.0,383.0,446.0,466.0,4197.0,1461.0,616.0,26.0,184.0,287.0,0.0,30.0,30.0,405.0,483.0,1200000,16716
3,Asturias,2000,12393.0,196.0,3328.0,38.0,409.0,553.0,340.0,4294.0,1473.0,564.0,26.0,118.0,214.0,2.0,16.0,28.0,251.0,543.0,1066000,13418
4,Baleares,2000,7310.0,123.0,1803.0,22.0,212.0,256.0,227.0,2611.0,788.0,397.0,21.0,53.0,182.0,0.0,27.0,22.0,217.0,349.0,823000,20094
5,Canarias,2000,12030.0,196.0,3063.0,45.0,541.0,323.0,309.0,4207.0,1233.0,610.0,40.0,98.0,263.0,2.0,56.0,78.0,314.0,652.0,1667000,15622
6,Cantabria,2000,5335.0,97.0,1433.0,25.0,146.0,199.0,148.0,1700.0,727.0,241.0,11.0,42.0,115.0,1.0,3.0,11.0,239.0,197.0,533000,14934
7,Castilla y León,2000,25676.0,432.0,7094.0,109.0,787.0,693.0,732.0,8796.0,3008.0,1205.0,62.0,316.0,623.0,1.0,33.0,64.0,636.0,1085.0,2467000,14474
8,Castilla La Mancha,2000,16752.0,234.0,3992.0,57.0,610.0,492.0,453.0,6046.0,1901.0,820.0,44.0,215.0,388.0,1.0,28.0,53.0,759.0,659.0,1746000,12448
9,Cataluña,2000,55928.0,871.0,15195.0,198.0,1619.0,2658.0,1969.0,18322.0,6070.0,2906.0,101.0,489.0,1216.0,1.0,123.0,148.0,1282.0,2760.0,6297000,19442
10,Valencia,2000,36563.0,671.0,9499.0,127.0,1195.0,1175.0,1151.0,13453.0,3844.0,1828.0,124.0,315.0,859.0,1.0,72.0,102.0,585.0,1562.0,4118000,15230
11,Extremadura,2000,10361.0,172.0,2661.0,35.0,339.0,94.0,201.0,3806.0,1395.0,517.0,34.0,96.0,224.0,0.0,22.0,23.0,379.0,363.0,1059000,10149
12,Galicia,2000,28858.0,428.0,7635.0,67.0,696.0,859.0,639.0,10397.0,3805.0,1298.0,105.0,185.0,492.0,0.0,33.0,60.0,776.0,1383.0,2699000,12399
13,Madrid,2000,37838.0,757.0,11218.0,117.0,837.0,1145.0,1144.0,11617.0,4662.0,2186.0,94.0,253.0,974.0,2.0,109.0,125.0,1110.0,1488.0,5353000,21380
14,Murcia,2000,9204.0,150.0,2220.0,29.0,314.0,240.0,196.0,3343.0,1077.0,480.0,19.0,65.0,257.0,0.0,39.0,66.0,207.0,502.0,1176000,13364
15,Navarra,2000,4935.0,73.0,1360.0,18.0,130.0,137.0,193.0,1627.0,635.0,229.0,20.0,47.0,80.0,1.0,15.0,9.0,131.0,230.0,550000,20322
16,Euskadi,2000,18243.0,353.0,5380.0,55.0,517.0,594.0,653.0,5903.0,1961.0,956.0,20.0,164.0,292.0,0.0,33.0,31.0,502.0,829.0,2083000,19580
17,La Rioja,2000,2544.0,32.0,699.0,9.0,67.0,44.0,92.0,881.0,293.0,118.0,7.0,12.0,39.0,0.0,5.0,5.0,118.0,123.0,274000,17854
18,Ceuta,2000,451.0,13.0,109.0,2.0,26.0,19.0,14.0,138.0,59.0,23.0,1.0,3.0,12.0,0.0,3.0,4.0,10.0,15.0,71000,14334
19,Melilla,2000,425.0,10.0,114.0,1.0,14.0,19.0,7.0,141.0,34.0,27.0,3.0,3.0,16.0,0.0,4.0,2.0,14.0,16.0,65000,14122
