ID,Comunidad Autónoma,Año,Todas las causas,Enfermedades infecciosas y parasitarias,Tumores,Enfermedades de la sangre,Enfermedades endocrinas,Trastornos mentales y del comportamiento,Enfermedades del sistema nervioso,Enfermedades del sistema circulatorio,Enfermedades del sistema respiratorio,Enfermedades del sistema digestivo,Enfermedades de la piel,Enfermedades del sistema osteomuscular,Enfermedades del sistema genitourinario,"Embarazo, parto y puerperio",Afecciones periodo perinatal,Anomalías congénitas y cromosómicas,Síntomas no clasificados,Causas externas,Población,Renta,Inversión,Tasa pobreza,Médicos especialistas
0,NACIONAL,2018-01-01,0.9153223908065656,0.01369171178497293,0.24120781527531085,0.004164437501337499,0.028815082710950374,0.04788461126923324,0.05623702625778425,0.2586381048171371,0.11489011106593336,0.04641443215134071,0.003907637655417407,0.01113869331678401,0.02983372209976674,1.4979991012005392e-05,0.0013481991910804852,0.0018040189175886493,0.02158830704701577,0.03374349975390015,46729000.0,25727.0,1311.9513843258574,21.5,92523.42
1,Andalucía,2018-01-01,0.8661194384963121,0.013990007137758744,0.217237687366167,0.003533190578158458,0.026980728051391862,0.02911015940994528,0.05021413276231263,0.2701165833928147,0.09963121579823934,0.047918153699738286,0.003616464430168927,0.010492505353319057,0.02807518439210088,1.1896264572924102e-05,0.0016892695693552224,0.0017606471567927673,0.03222698072805139,0.029514632405424696,8406000.0,19107.0,1169.321523873574,32.0,13617.72
2,Aragón,2018-01-01,1.0722433460076044,0.01817490494296578,0.27452471482889734,0.0033460076045627378,0.034068441064638785,0.054980988593155894,0.06980988593155893,0.3263878326996198,0.1226615969581749,0.057338403041825095,0.002129277566539924,0.02220532319391635,0.0379467680608365,0.0,0.001064638783269962,0.001977186311787072,0.007984790874524715,0.0376425855513308,1315000.0,28151.0,1516.4358576993227,14.2,3011.35
3,Asturias,2018-01-01,1.2927734375,0.02099609375,0.35556640625,0.005078125,0.040234374999999996,0.0765625,0.06533203125,0.3791015625,0.15742187500000002,0.0591796875,0.005078125,0.01748046875,0.0439453125,0.0,0.0008789062499999999,0.0021484374999999997,0.014941406249999999,0.048828125,1024000.0,22789.0,1637.2943800456198,14.0,2478.08
4,Baleares,2018-01-01,0.6983829787234043,0.013531914893617021,0.19548936170212766,0.0028936170212765957,0.026127659574468085,0.03446808510638298,0.04834042553191489,0.19668085106382976,0.07395744680851064,0.035659574468085105,0.002553191489361702,0.007489361702127659,0.023744680851063828,0.0,0.0011914893617021277,0.0009361702127659574,0.006638297872340426,0.028680851063829785,1175000.0,27682.0,1357.7167927960973,15.4,2338.25
5,Canarias,2018-01-01,0.7454296160877514,0.011882998171846435,0.20639853747714806,0.0022394881170018283,0.026416819012797077,0.0329981718464351,0.03404936014625228,0.21243144424131624,0.10475319926873858,0.03756855575868373,0.00443327239488117,0.005255941499085923,0.02317184643510055,0.0,0.00196526508226691,0.0017824497257769652,0.010786106032906764,0.029296160877513713,2188000.0,20892.0,1348.9592158739727,32.1,4244.72
6,Cantabria,2018-01-01,1.0510344827586207,0.011034482758620689,0.2943103448275862,0.004310344827586207,0.025,0.09482758620689655,0.06586206896551725,0.27413793103448275,0.13448275862068967,0.04603448275862069,0.0029310344827586207,0.01413793103448276,0.02517241379310345,0.0,0.0010344827586206897,0.0022413793103448275,0.02224137931034483,0.03327586206896552,580000.0,23757.0,1470.1726596180245,19.9,1096.2
7,Castilla y León,2018-01-01,1.215643153526971,0.016639004149377593,0.3229045643153527,0.006804979253112033,0.04497925311203319,0.05452282157676348,0.06485477178423237,0.34182572614107887,0.16195020746887967,0.06531120331950208,0.007551867219917012,0.017219917012448134,0.042448132780082984,8.298755186721991e-05,0.000954356846473029,0.0016182572614107883,0.01929460580912863,0.046680497925311204,2410000.0,24031.0,1487.310589459165,16.1,4892.299999999999
8,Castilla La Mancha,2018-01-01,0.9642364532019705,0.011034482758620689,0.24280788177339901,0.005665024630541872,0.031330049261083744,0.05073891625615763,0.05615763546798029,0.26201970443349754,0.13970443349753695,0.052561576354679805,0.005665024630541872,0.011724137931034483,0.03605911330049261,0.0,0.0009852216748768472,0.001625615763546798,0.02137931034482759,0.03477832512315271,2030000.0,20363.0,1380.9084544633827,29.9,3857.0
9,Cataluña,2018-01-01,0.8856040447046302,0.013956891963810537,0.23491218733368813,0.003938265034592868,0.030095795635976582,0.05967269824374668,0.06210750399148483,0.23064129856306548,0.10553485896753594,0.043893028206492817,0.0028605641298563066,0.014874933475252794,0.027900478978179884,0.0,0.0012240553485896753,0.0017429483767961683,0.014063331559340076,0.038185204896221396,7516000.0,30426.0,1185.2608018689987,13.6,15482.96
10,Valencia,2018-01-01,0.9161277283751011,0.015501212611156022,0.2356911883589329,0.0045270816491511726,0.03563055780113177,0.04096604688763136,0.06459175424413904,0.26305578011317704,0.11174211802748586,0.04322958771220695,0.0037590945836701696,0.010044462409054163,0.0316895715440582,0.0,0.0011721907841552143,0.0014955537590945836,0.023241713823767177,0.02978981406628941,4948000.0,22426.0,1292.0327449192143,26.0,9302.24
11,Extremadura,2018-01-01,1.0731958762886598,0.01527647610121837,0.2895032802249297,0.004217432052483599,0.0302717900656045,0.052389878163074034,0.06176194939081536,0.30927835051546393,0.14179943767572634,0.052577319587628873,0.004592314901593252,0.012933458294283037,0.036269915651358946,0.0,0.0017806935332708527,0.0022492970946579195,0.030459231490159326,0.027835051546391754,1067000.0,18769.0,1524.1640725935654,37.6,1963.28
12,Galicia,2018-01-01,1.2011485735457577,0.013041867358280845,0.31293071507965914,0.005928121526491293,0.02489811041126343,0.09329381252315672,0.0628380881808077,0.35761393108558726,0.1571693219711004,0.057910337161911817,0.005557613931085587,0.007521304186735828,0.035198221563542055,7.410151908114116e-05,0.0010003705075954056,0.0020748425342719526,0.020785476102260097,0.04331233790292701,2699000.0,23183.0,1428.494734104557,18.8,5182.08
13,Madrid,2018-01-01,0.7075463103552991,0.010066808381415123,0.19726692985119954,0.0032645004555116913,0.016884300030367446,0.033540844215001524,0.04073792894017613,0.17711812936532037,0.10501062860613422,0.03587913756453082,0.003279684178560583,0.006665654418463407,0.02330701488004859,0.0,0.0013058001822046767,0.0015183723048891589,0.028241724870938352,0.023458852110537505,6586000.0,35041.0,1201.699189818367,16.1,14686.78
14,Murcia,2018-01-01,0.7658553076402975,0.011899932386747802,0.18945233265720082,0.003786342123056119,0.02684246112237999,0.030764029749830966,0.05780933062880325,0.21730899256254227,0.10561189993238676,0.04050033806626099,0.0050033806626098715,0.007775524002704529,0.033603786342123056,0.0,0.001352265043948614,0.002028397565922921,0.005679513184584178,0.026436781609195405,1479000.0,21269.0,1261.6811328579008,28.6,2721.36
15,Navarra,2018-01-01,0.9007739938080496,0.009752321981424148,0.24086687306501547,0.004798761609907121,0.02724458204334365,0.060061919504643964,0.08405572755417957,0.2390092879256966,0.10479876160990713,0.042105263157894736,0.004798761609907121,0.01130030959752322,0.026625386996904025,0.0,0.0012383900928792568,0.0023219814241486067,0.0024767801857585136,0.03931888544891641,646000.0,31389.0,1646.286422951359,8.9,1634.3799999999997
16,Euskadi,2018-01-01,1.0019797421731123,0.014318600368324125,0.29277163904235726,0.005202578268876611,0.03029465930018416,0.07021178637200737,0.06629834254143646,0.26671270718232043,0.10718232044198894,0.0464548802946593,0.002578268876611418,0.01220073664825046,0.026979742173112338,4.604051565377533e-05,0.0011970534069981585,0.0023480662983425414,0.02334254143646409,0.03383977900552486,2172000.0,33223.0,1733.6575964084411,8.6,4995.6
17,La Rioja,2018-01-01,1.0272435897435899,0.015384615384615385,0.27211538461538465,0.004487179487179488,0.035256410256410256,0.058012820512820515,0.07307692307692308,0.3157051282051282,0.1169871794871795,0.04871794871794872,0.004807692307692308,0.011217948717948718,0.02692307692307692,0.0,0.001282051282051282,0.0019230769230769232,0.008333333333333333,0.033012820512820513,312000.0,27225.0,1238.684816097979,16.6,570.96
0,NACIONAL,2017-01-01,0.9123248517149488,0.014654431359064728,0.24341528410556176,0.00424009283933637,0.028573884638528328,0.04668185334823347,0.0566169517751225,0.2631844751998625,0.11092366543453966,0.043941803490071346,0.003634058282472277,0.010895727671279979,0.02834178629760165,2.7937763259692252e-05,0.0013517579300266482,0.0017493337917991918,0.020057164961746754,0.034034642826442016,46532000.0,24969.0,1266.5534667939053,21.6,89806.76
1,Andalucía,2017-01-01,0.8478219471554391,0.014817900499880982,0.21580576053320638,0.003844322780290407,0.02642228040942633,0.027671982861223517,0.04751249702451797,0.2726374672696977,0.09344203761009283,0.04590573672935016,0.003142109021661509,0.010378481313972863,0.02657700547488693,0.0,0.0015710545108307545,0.0019400142823137348,0.02696976910259462,0.029183527731492503,8402000.0,18501.0,1109.0867586137188,31.0,13359.18
2,Aragón,2017-01-01,1.0804562737642587,0.014220532319391636,0.2919391634980989,0.003041825095057034,0.03718631178707225,0.05695817490494297,0.068212927756654,0.32783269961977185,0.12479087452471484,0.05566539923954372,0.001596958174904943,0.024106463878326996,0.03163498098859315,7.604562737642586e-05,0.0012167300380228137,0.001520912547528517,0.004182509505703422,0.03627376425855513,1315000.0,27115.0,1442.5146652077444,13.3,2906.15
3,Asturias,2017-01-01,1.276893203883495,0.015728155339805826,0.3520388349514563,0.005533980582524272,0.033689320388349514,0.07194174757281553,0.06873786407766991,0.38543689320388347,0.1533009708737864,0.05932038834951456,0.005339805825242718,0.017669902912621358,0.03475728155339806,0.0,0.0013592233009708738,0.001941747572815534,0.016796116504854366,0.05330097087378641,1030000.0,21981.0,1586.8988675180826,12.6,2420.5
4,Baleares,2017-01-01,0.7213298791018998,0.01606217616580311,0.19913644214162352,0.002849740932642487,0.030656303972366145,0.03246977547495682,0.04758203799654577,0.20647668393782384,0.07262521588946459,0.031606217616580314,0.0038860103626943,0.008290155440414507,0.02530224525043178,0.0,0.002158894645941278,0.00025906735751295336,0.009412780656303972,0.03255613126079447,1158000.0,27134.0,1296.8449712624954,21.3,2304.42
5,Canarias,2017-01-01,0.7052242256125751,0.01345353675450763,0.20374479889042996,0.0031437817845584837,0.02662968099861304,0.026814609338881187,0.03559870550161812,0.19634766527970413,0.09292649098474341,0.032362459546925564,0.00425335182616736,0.005177993527508091,0.021451687471104947,4.623208506703652e-05,0.0014794267221451686,0.001664355062413315,0.011650485436893204,0.0284789644012945,2163000.0,20457.0,1261.7278479426654,30.5,4131.33
6,Cantabria,2017-01-01,1.0272413793103448,0.011551724137931036,0.29017241379310343,0.0029310344827586207,0.016379310344827588,0.1006896551724138,0.06517241379310344,0.28206896551724137,0.1296551724137931,0.037586206896551726,0.0022413793103448275,0.013965517241379309,0.02586206896551724,0.00017241379310344826,0.0008620689655172414,0.001896551724137931,0.015517241379310346,0.030517241379310344,580000.0,22767.0,1418.6417031829344,17.6,1061.4
7,Castilla y León,2017-01-01,1.1959966983078827,0.019768881551795296,0.31960379694593477,0.005777961205117623,0.042715641766405285,0.05092860090796533,0.06851011143210894,0.3496904663640115,0.15596368138671068,0.05790342550557161,0.006974824597606273,0.015394139496491951,0.03858852661989269,0.0,0.0013206768468840282,0.0016095749071399093,0.018283120099050764,0.04296326867519604,2423000.0,23169.0,1431.0896079301538,15.4,4918.689999999999
8,Castilla La Mancha,2017-01-01,0.9939990162321691,0.00895228726020659,0.24333497294638465,0.005459911460895229,0.036251844564682736,0.05277914412198722,0.0588293162813576,0.2703393999016232,0.14845056566650272,0.05459911460895229,0.005164781111657649,0.011657648794884406,0.03502213477619282,0.0,0.0013772749631087062,0.001967535661583866,0.021839645843580915,0.03797343826856862,2033000.0,19632.0,1337.112436971414,28.1,3822.04
9,Cataluña,2017-01-01,0.8881208053691275,0.013892617449664428,0.23558389261744966,0.0044563758389261745,0.031691275167785235,0.06394630872483222,0.06736912751677852,0.23442953020134227,0.0997986577181208,0.041234899328859057,0.0022416107382550333,0.013127516778523491,0.02726174496644295,5.3691275167785237e-05,0.001261744966442953,0.0013825503355704698,0.012308724832214764,0.03808053691275168,7450000.0,29722.0,1192.84337151028,15.0,14974.499999999998
10,Valencia,2017-01-01,0.9089876242645567,0.016433353621424222,0.2389531345100426,0.004361939541489146,0.03120308378981538,0.03958206532765267,0.06400892675999188,0.2740312436599716,0.09894501927368633,0.04144856968959221,0.0037532968147697306,0.009941164536417123,0.03045242442686143,2.028809089064719e-05,0.0012984378170014202,0.0017041996348143638,0.022884966524650028,0.0299655102454859,4929000.0,21859.0,1232.8598074521126,25.6,8970.78
11,Extremadura,2017-01-01,1.0796831314072692,0.014725069897483692,0.2835973904939422,0.0032618825722273994,0.02777260018639329,0.04212488350419385,0.05591798695246971,0.3199440820130475,0.15563839701770735,0.055638397017707356,0.004193849021435228,0.01015843429636533,0.04203168685927307,0.0,0.0015843429636533083,0.0008387698042870458,0.03196644920782852,0.030288909599254423,1073000.0,18170.0,1453.4306491100742,38.8,1942.13
12,Galicia,2017-01-01,1.1824639289678136,0.01601923788383278,0.3215686274509804,0.006918238993710691,0.028042915279319278,0.08479467258601554,0.05715871254162042,0.3580096189419164,0.1471698113207547,0.054495005549389575,0.005216426193118758,0.007547169811320755,0.03337032926378099,0.0,0.0007029226785053644,0.0021827598964113946,0.016426193118756937,0.042841287458379576,2703000.0,22411.0,1333.5084060574234,18.7,5081.64
13,Madrid,2017-01-01,0.7236931119311193,0.012853628536285362,0.20382841328413281,0.003121156211562116,0.017266297662976632,0.03234932349323493,0.04266605166051661,0.182380073800738,0.1077490774907749,0.03391758917589176,0.0035209102091020906,0.006257687576875769,0.023247232472324724,4.6125461254612545e-05,0.001260762607626076,0.0013068880688806887,0.027506150061500617,0.024415744157441577,6504000.0,34041.0,1178.9497139363302,16.9,13918.56
14,Murcia,2017-01-01,0.7822131704005432,0.011676849966055667,0.20081466395112016,0.003054989816700611,0.028988458927359132,0.03170400543109301,0.05403937542430414,0.22939579090291923,0.10366598778004073,0.040529531568228104,0.00482009504412763,0.009843856076035303,0.028241683638832314,0.0,0.0016972165648336728,0.0024439918533604886,0.0050916496945010185,0.026205023761031905,1473000.0,20766.0,1206.2273029381988,30.1,2636.67
15,Navarra,2017-01-01,0.9117004680187206,0.0109204368174727,0.24758190327613103,0.00546021840873635,0.032137285491419657,0.05803432137285491,0.08798751950078003,0.2469578783151326,0.10062402496099844,0.03946957878315133,0.00374414976599064,0.012948517940717627,0.02106084243369735,0.0,0.0006240249609984399,0.0024960998439937598,0.0028081123244929796,0.038845553822152885,641000.0,30508.0,1636.1893299934252,8.3,1666.6
16,Euskadi,2017-01-01,0.9983387171204431,0.01762805722196585,0.2933087217351177,0.004660821412090448,0.0254730041532072,0.06552838024919244,0.06575911398246423,0.2657129672358099,0.10821412090447624,0.042455006922012,0.0022611905860636826,0.01439778495616059,0.02556529764651592,0.0,0.0009690816797415782,0.0026765113059529304,0.025657591139824642,0.03807106598984771,2167000.0,32167.0,1670.651862723973,9.7,4789.07
17,La Rioja,2017-01-01,0.9782051282051282,0.01826923076923077,0.2621794871794872,0.004487179487179488,0.02852564102564102,0.0608974358974359,0.06634615384615385,0.3016025641025641,0.10544871794871795,0.04198717948717949,0.0038461538461538464,0.015064102564102564,0.022435897435897436,0.0,0.0009615384615384616,0.002243589743589744,0.008653846153846153,0.035256410256410256,312000.0,26528.0,1200.0922851531259,9.7,564.72
0,NACIONAL,2016-01-01,0.8840039613339361,0.015141337811363002,0.24314624642080562,0.004060367284548645,0.02734181575491399,0.045167818467566574,0.05433055609378027,0.2578699218497707,0.10078150229283729,0.0432646558591143,0.003278864991711339,0.009162737626213696,0.026207238046028977,3.229348317509527e-05,0.0013713965855023788,0.0018213524510753728,0.017294236689702685,0.03373161962582617,46449000.0,23979.0,1219.7505037978365,22.3,88253.1
1,Andalucía,2016-01-01,0.8238843270260621,0.015327859097941213,0.20987742472926338,0.0038200642627632987,0.025669403784362728,0.030251100797334285,0.04804236582173034,0.264631679162204,0.08681423301201951,0.04536475068427943,0.002820421278114959,0.009389503748661193,0.024336546471498275,2.3801023444008092e-05,0.0016541711293585626,0.001785076758300607,0.024824467452100436,0.029251457812685944,8403000.0,17659.0,1050.3346259668574,35.4,13360.77
2,Aragón,2016-01-01,1.0243920972644376,0.011930091185410335,0.29202127659574467,0.002887537993920973,0.022264437689969607,0.06071428571428571,0.06063829787234042,0.321048632218845,0.10463525835866261,0.05448328267477204,0.001899696048632219,0.020516717325227963,0.03145896656534954,0.0,0.0013677811550151975,0.002203647416413374,0.0033434650455927053,0.03297872340425532,1316000.0,25985.0,1366.851265498786,15.7,2868.88
3,Asturias,2016-01-01,1.273288331726133,0.0171648987463838,0.3545805207328833,0.005785920925747348,0.03702989392478303,0.071648987463838,0.06335583413693346,0.4131147540983607,0.14001928640308584,0.05313404050144648,0.004050144648023144,0.015332690453230473,0.03288331726133076,9.643201542912246e-05,0.0005785920925747348,0.0023143683702989393,0.012246865959498554,0.049951783992285434,1037000.0,20920.0,1463.4531786632083,13.4,2364.36
4,Baleares,2016-01-01,0.694575678040245,0.01977252843394576,0.1941382327209099,0.0031496062992125984,0.026596675415573052,0.0347331583552056,0.0410323709536308,0.20061242344706914,0.06929133858267716,0.030446194225721784,0.0026246719160104987,0.007086614173228347,0.023359580052493438,0.0,0.002012248468941382,0.0013998250218722659,0.00857392825896763,0.02974628171478565,1143000.0,26093.0,1226.048289472641,15.5,2240.28
5,Canarias,2016-01-01,0.7019140989729225,0.015966386554621848,0.20392156862745098,0.002380952380952381,0.0292250233426704,0.026143790849673207,0.03314659197012138,0.1980392156862745,0.08986928104575163,0.03258636788048553,0.003548085901027078,0.005695611577964519,0.02072829131652661,4.668534080298786e-05,0.0014005602240896359,0.0017273576097105508,0.009943977591036416,0.02754435107376284,2142000.0,19612.0,1237.842288038314,35.0,4026.96
6,Cantabria,2016-01-01,1.0216867469879518,0.009810671256454389,0.3132530120481927,0.0018932874354561102,0.010154905335628227,0.10705679862306368,0.06265060240963856,0.2729776247848537,0.12220309810671255,0.04509466437177281,0.001549053356282272,0.01153184165232358,0.020137693631669538,0.0,0.0005163511187607573,0.002237521514629948,0.006368330464716007,0.0342512908777969,581000.0,21905.0,1383.2662144809303,15.3,1034.18
7,Castilla y León,2016-01-01,1.1635024549918167,0.021194762684124385,0.32148117839607204,0.00544189852700491,0.04382160392798691,0.04754500818330606,0.0647708674304419,0.33989361702127663,0.14390343698854338,0.05986088379705401,0.005932896890343699,0.015016366612111292,0.034697217675941076,0.0,0.000900163666121113,0.0018821603927986906,0.01648936170212766,0.04067103109656301,2444000.0,22408.0,1347.9523144454938,17.7,4790.24
8,Castilla La Mancha,2016-01-01,0.9370533529123837,0.010719530102790016,0.2429270680372002,0.005531081742535487,0.03269701419481155,0.047870778267254034,0.053744493392070485,0.25643661282427804,0.12971120900636318,0.050416054821341164,0.005824767498776309,0.011062163485070975,0.03225648556045032,4.894762604013706e-05,0.0009789525208027412,0.001566324033284386,0.018355359765051395,0.03690651003426334,2043000.0,18752.0,1286.3990726731417,31.7,3759.12
9,Cataluña,2016-01-01,0.8534115426105717,0.014064185544768067,0.23793149946062567,0.003950916936353829,0.02858683926645092,0.05860302049622437,0.06556094929881337,0.22796655879180153,0.08914509169363538,0.0409789644012945,0.002292340884573894,0.006593851132686084,0.024676375404530743,2.6968716289104636e-05,0.001267529665587918,0.0014563106796116505,0.010396440129449838,0.039913700107874865,7416000.0,28680.0,1141.05604900996,13.2,14387.04
10,Valencia,2016-01-01,0.8665922468033285,0.01680535823016034,0.24057235640349098,0.004465191800284148,0.028516338542723767,0.03606657195047697,0.05843312360462756,0.2638522427440633,0.08887761315201949,0.039131317231581086,0.003511264461132535,0.009681347676070632,0.028577227521818547,2.029632636492795e-05,0.0014004465191800285,0.0019078546783032272,0.01629795007103714,0.028475745889993912,4927000.0,20948.0,1198.0392214902963,24.4,8967.14
11,Extremadura,2016-01-01,1.03950046253469,0.015356151711378354,0.28769657724329323,0.0038852913968547642,0.02904717853839038,0.03635522664199815,0.050416281221091576,0.3110083256244218,0.1393154486586494,0.055319148936170216,0.0036077705827937093,0.009158186864014801,0.034227567067530065,0.0,0.0011100832562442183,0.0020351526364477336,0.031082331174838114,0.02987974098057354,1081000.0,17117.0,1453.7031850679602,30.4,1967.42
12,Galicia,2016-01-01,1.1705492075193513,0.01474382602285293,0.3208625138223369,0.006192406929598231,0.030851455952819757,0.0861039439734611,0.061002580169554,0.3675267231846664,0.12709178031699225,0.0539255436785846,0.005344636933284188,0.006192406929598231,0.03380022115739034,0.0,0.0014375230372281607,0.0018429782528566162,0.0067453004054552155,0.04688536675267232,2713000.0,21482.0,1291.6907490969088,19.0,4964.79
13,Madrid,2016-01-01,0.6992397207137316,0.014026377036462374,0.20068269976726144,0.0030566330488750967,0.017455391776570985,0.029449185415050427,0.04048099301784329,0.17754848719937938,0.1013188518231187,0.032366175329712955,0.002948021722265322,0.0062063615205585725,0.020760279286268425,3.103180760279286e-05,0.001365399534522886,0.0018619084561675718,0.02636152055857254,0.023320403413498836,6445000.0,32840.0,1159.6506878986345,18.2,13727.85
14,Murcia,2016-01-01,0.740258855585831,0.011716621253405994,0.20197547683923706,0.003133514986376022,0.024659400544959128,0.027724795640326972,0.049659400544959126,0.21995912806539508,0.09346049046321526,0.03678474114441417,0.0027247956403269754,0.007425068119891008,0.025885558583106264,6.811989100817439e-05,0.0017029972752043597,0.002316076294277929,0.005517711171662125,0.025544959128065394,1468000.0,19997.0,1190.8626787791668,28.9,2583.68
15,Navarra,2016-01-01,0.8976489028213167,0.011912225705329153,0.2536050156739812,0.004388714733542319,0.03338557993730408,0.060815047021943576,0.07507836990595611,0.23683385579937305,0.0957680250783699,0.04357366771159875,0.0028213166144200625,0.015673981191222573,0.02037617554858934,0.0,0.0009404388714733542,0.0020376175548589342,0.0029780564263322882,0.03746081504702194,638000.0,29375.0,1550.5170309622486,9.0,1607.76
16,Euskadi,2016-01-01,0.9803233256351039,0.015565819861431872,0.29196304849884525,0.004572748267898384,0.026928406466512705,0.06521939953810624,0.0664203233256351,0.2644803695150116,0.09533487297921478,0.04327944572748268,0.002586605080831409,0.012471131639722863,0.02466512702078522,9.237875288683603e-05,0.0011085450346420324,0.0017090069284064666,0.027528868360277133,0.0363972286374134,2165000.0,31004.0,1616.0809092698653,9.0,4611.45
17,La Rioja,2016-01-01,0.9509615384615385,0.01346153846153846,0.27307692307692305,0.003205128205128205,0.02596153846153846,0.05705128205128204,0.07403846153846154,0.2798076923076923,0.09134615384615384,0.047115384615384615,0.001282051282051282,0.013141025641025641,0.025,0.0003205128205128205,0.0009615384615384616,0.001282051282051282,0.008974358974358975,0.03493589743589744,312000.0,25636.0,1169.6304785652633,11.9,555.36
0,NACIONAL,2015-01-01,0.9105106658047835,0.016304675716440422,0.2399935358758888,0.004369747899159664,0.030305968541262662,0.045966386554621846,0.05566688213747037,0.26760827407886234,0.11171730230553759,0.043869855634561514,0.0033678086619263093,0.008937728937728939,0.026220642102995045,3.2320620555914674e-05,0.0014522732169790994,0.0017280758457229046,0.020478345184227538,0.03249084249084249,46410000.0,23219.0,1176.8890815966688,22.1,85858.5
1,Andalucía,2015-01-01,0.8573588949749941,0.0172660157180281,0.20791855203619908,0.004227196951655156,0.029292688735413196,0.030197666110978804,0.049106930221481306,0.28010240533460345,0.10083353179328412,0.04517742319599905,0.0027387473207906646,0.008835437008811621,0.02420814479638009,1.1907597046915931e-05,0.0017266015718028103,0.0019052155275065493,0.02719695165515599,0.02661347939985711,8398000.0,17235.0,1007.0433258380192,35.7,12932.92
2,Aragón,2015-01-01,1.0854655563966693,0.016729750189250568,0.2815291445874338,0.0051476154428463285,0.04277062831188493,0.06139288417865254,0.06487509462528387,0.34307342922028766,0.11839515518546556,0.05246025738077214,0.0035579106737320216,0.01794095382286147,0.028917486752460256,0.0,0.0012869038607115821,0.0021953065859197578,0.009613928841786525,0.03557910673732021,1321000.0,24874.0,1206.5960254609063,14.4,2919.41
3,Asturias,2015-01-01,1.2978927203065134,0.017241379310344827,0.34511494252873565,0.004980842911877394,0.03582375478927203,0.08074712643678161,0.06465517241379311,0.42030651340996167,0.15488505747126435,0.059770114942528735,0.0047892720306513415,0.013793103448275862,0.03333333333333333,9.578544061302681e-05,0.0004789272030651341,0.002586206896551724,0.011398467432950192,0.047892720306513405,1044000.0,20471.0,1425.363541062636,16.7,2349.0
4,Baleares,2015-01-01,0.7371124889282551,0.02178919397697077,0.19468556244464127,0.002745792736935341,0.03392382639503986,0.029583702391496897,0.047209920283436665,0.21417183348095659,0.0821080602302923,0.031443755535872454,0.0018600531443755538,0.007705934455270151,0.02409211691762622,8.857395925597875e-05,0.00141718334809566,0.001328609388839681,0.011071744906997343,0.03188662533215235,1129000.0,25002.0,1171.6590868044998,21.7,2178.97
5,Canarias,2015-01-01,0.7103902209685002,0.013540197461212978,0.2007522331922896,0.003008932769158439,0.043676539727315465,0.026469205453690643,0.034649741419840153,0.1923836389280677,0.09186647860836859,0.03385049365303244,0.0034790785143394448,0.005265632346027269,0.020545369064409968,0.0,0.001222378937470616,0.0014574518100611191,0.009261871180065821,0.028960977903149977,2127000.0,19065.0,1238.568947542942,28.5,3892.41
6,Cantabria,2015-01-01,1.0361921097770155,0.012349914236706689,0.2993138936535163,0.002915951972555746,0.016295025728987993,0.08747855917667238,0.06226415094339623,0.28250428816466555,0.13636363636363638,0.05042881646655232,0.0013722126929674098,0.012349914236706689,0.01955403087478559,0.0,0.002058319039451115,0.0012006861063464836,0.01869639794168096,0.03104631217838765,583000.0,21122.0,1347.5868845571617,14.9,1002.76
7,Castilla y León,2015-01-01,1.1892045454545455,0.020454545454545454,0.3192775974025974,0.00689935064935065,0.04756493506493507,0.05393668831168831,0.06623376623376623,0.3540584415584416,0.15190746753246753,0.054910714285714285,0.006371753246753247,0.016883116883116885,0.03405032467532468,4.0584415584415584e-05,0.0010551948051948053,0.0016233766233766235,0.017694805194805194,0.03624188311688312,2464000.0,21603.0,1321.881253796785,18.3,4780.16
8,Castilla La Mancha,2015-01-01,0.9699610516066212,0.011148977604673808,0.2392405063291139,0.005306718597857838,0.03291139240506329,0.0501460564751704,0.05905550146056475,0.27210321324245373,0.13962999026290165,0.05253164556962025,0.004673807205452775,0.010077896786757546,0.033495618305744886,4.8685491723466414e-05,0.0011197663096397274,0.0015092502434274587,0.020545277507302822,0.03641674780915287,2054000.0,18069.0,1174.7330435691463,28.5,3676.66
9,Cataluña,2015-01-01,0.8770416441319632,0.013831800973499188,0.23546511627906977,0.004921579232017307,0.02489183342347215,0.061506219578150355,0.06579232017306652,0.24238777717685236,0.09583558680367767,0.04441590048674959,0.0025283937263385617,0.006206057328285559,0.025730124391563008,5.4083288263926445e-05,0.0012709572742022714,0.0016495402920497565,0.01133044889129259,0.03922390481341266,7396000.0,27630.0,1144.653265851351,13.9,14052.4
10,Valencia,2015-01-01,0.8994321638612857,0.019265868992090852,0.23561143784222266,0.003934293246805922,0.030014195903467857,0.041533157574528495,0.06248225512066517,0.27278442506590955,0.1044007300750355,0.0403569255729061,0.0033867369701886026,0.009207057392009733,0.028168728452646525,4.0559724193875484e-05,0.0012776313121070776,0.0015007097951733929,0.016670046643682823,0.028797404177651593,4931000.0,20301.0,1112.0155455774432,25.3,8777.18
11,Extremadura,2015-01-01,1.059705611775529,0.014075436982520699,0.3042318307267709,0.002943882244710212,0.02989880404783809,0.03689052437902484,0.05400183992640294,0.3231830726770929,0.13716651333946642,0.051241950321987126,0.003219871205151794,0.011499540018399264,0.031186752529898804,0.0,0.0022079116835326588,0.0020239190432382705,0.031186752529898804,0.02474701011959522,1087000.0,16460.0,1286.600178333302,29.0,1967.47
12,Galicia,2015-01-01,1.162862385321101,0.018972477064220183,0.30396330275229355,0.006422018348623854,0.03875229357798165,0.07911926605504588,0.05622018348623853,0.3494678899082569,0.14594495412844036,0.052623853211009174,0.005357798165137614,0.00708256880733945,0.030422018348623854,0.0,0.0012110091743119265,0.0018348623853211008,0.019889908256880733,0.045577981651376144,2725000.0,20794.0,1247.0574177302883,19.4,4877.75
13,Madrid,2015-01-01,0.7320574910170287,0.014872676144352446,0.19967192626152167,0.002983908764255585,0.018747070770192158,0.02969848461177941,0.039806280268708014,0.18932979221996563,0.11466958287767537,0.032104358693954074,0.002765192938603343,0.0064521168567411346,0.022012185596000627,3.124511795032026e-05,0.0015935010154663333,0.0013435400718637713,0.033666614591470086,0.02230901421652867,6401000.0,31907.0,1142.0748002182033,15.1,13058.04
14,Murcia,2015-01-01,0.7672814207650273,0.01400273224043716,0.19699453551912569,0.0032786885245901644,0.028688524590163935,0.028346994535519126,0.0546448087431694,0.22418032786885247,0.1060792349726776,0.039344262295081964,0.0032786885245901644,0.005942622950819672,0.0282103825136612,6.830601092896175e-05,0.001912568306010929,0.0018442622950819673,0.005942622950819672,0.024521857923497266,1464000.0,19462.0,1126.146975628214,31.8,2562.0
15,Navarra,2015-01-01,0.8930817610062893,0.0110062893081761,0.25566037735849056,0.0036163522012578617,0.038050314465408804,0.05345911949685534,0.0729559748427673,0.23553459119496856,0.09968553459119497,0.03962264150943396,0.003930817610062893,0.013364779874213835,0.020754716981132074,0.0,0.0014150943396226414,0.001572327044025157,0.0029874213836477985,0.039465408805031445,636000.0,28520.0,1466.7440050178056,9.6,1481.88
16,Euskadi,2015-01-01,0.9944983818770227,0.01678224687933426,0.2948220064724919,0.0050392972723069815,0.03092926490984743,0.06292186777623672,0.06749884419787332,0.2677300046232085,0.09819694868238558,0.04498381877022654,0.003744798890429958,0.011511789181692095,0.02431807674526121,0.0,0.0012944983818770227,0.0020804438280166435,0.03125288950531669,0.0313915857605178,2163000.0,30046.0,1602.4155076909176,10.9,4650.45
17,La Rioja,2015-01-01,0.9913461538461538,0.01826923076923077,0.27532051282051284,0.003205128205128205,0.028205128205128202,0.052564102564102565,0.08365384615384616,0.3038461538461539,0.09166666666666666,0.046474358974358976,0.001282051282051282,0.01282051282051282,0.020512820512820513,0.0,0.0009615384615384616,0.0009615384615384616,0.010256410256410256,0.041346153846153845,312000.0,25453.0,1127.120687750854,17.1,533.52
0,NACIONAL,2014-01-01,0.8520718975352491,0.014009256269508125,0.23738671832956626,0.003840275535464428,0.028012054676568723,0.04026692498116457,0.05035841136583791,0.25270261543429123,0.09437304918738565,0.04172855451512216,0.002837154235281455,0.00791949198148746,0.024819718006673125,1.9373587342589602e-05,0.001674738994726079,0.0017823700355182432,0.018260682380798622,0.03208050801851254,46455000.0,22218.0,1144.7586211822343,22.2,84083.55
1,Andalucía,2014-01-01,0.7904886769964243,0.01495828367103695,0.2036710369487485,0.0033253873659118,0.024302741358760427,0.02733015494636472,0.04469606674612634,0.26215733015494636,0.08177592371871276,0.04189511323003575,0.002836710369487485,0.007568533969010726,0.02220500595947557,7.151370679380215e-05,0.0022765196662693685,0.0018593563766388557,0.021525625744934447,0.02803337306317044,8390000.0,16413.0,978.0683339086567,33.3,12836.7
2,Aragón,2014-01-01,1.034789156626506,0.015737951807228916,0.285617469879518,0.005045180722891567,0.041792168674698794,0.056927710843373495,0.05926204819277108,0.31558734939759037,0.10384036144578314,0.04909638554216868,0.0023343373493975904,0.01905120481927711,0.029743975903614456,7.53012048192771e-05,0.0012048192771084336,0.0017319277108433736,0.01355421686746988,0.03418674698795181,1328000.0,24308.0,1205.8162904305423,16.9,2855.2
3,Asturias,2014-01-01,1.2155597722960152,0.01584440227703985,0.3366223908918406,0.004554079696394687,0.03377609108159393,0.07324478178368121,0.06499051233396584,0.38614800759013285,0.13111954459203035,0.05550284629981025,0.0022770398481973433,0.012618595825426945,0.0349146110056926,0.0,0.0008538899430740038,0.0020872865275142313,0.011669829222011386,0.04933586337760911,1054000.0,19594.0,1402.3522344537694,16.7,2266.1
4,Baleares,2014-01-01,0.700625,0.014017857142857143,0.18901785714285715,0.00375,0.026607142857142857,0.03544642857142857,0.041875,0.20428571428571426,0.06946428571428571,0.032857142857142856,0.003125,0.009375,0.023482142857142858,0.0,0.0015178571428571428,0.0013392857142857143,0.012767857142857142,0.03169642857142857,1120000.0,23892.0,1070.9561370420563,17.9,2094.4
5,Canarias,2014-01-01,0.6766288951841359,0.012322946175637395,0.19971671388101983,0.0031633616619452317,0.06421152030217187,0.022285174693106705,0.03295561850802644,0.16468366383380548,0.07969782813975448,0.027714825306893294,0.0029745042492917845,0.0058545797922568464,0.021435316336166195,0.0,0.00113314447592068,0.002030217186024551,0.009820585457979225,0.02662889518413598,2118000.0,18536.0,1233.0156672630496,27.6,3770.04
6,Cantabria,2014-01-01,1.006655290102389,0.0189419795221843,0.29180887372013653,0.0032423208191126283,0.015017064846416383,0.05819112627986348,0.05392491467576791,0.2779863481228669,0.125938566552901,0.04590443686006826,0.004266211604095563,0.007508532423208192,0.029522184300341297,0.0,0.0011945392491467576,0.0015358361774744026,0.02372013651877133,0.04795221843003413,586000.0,20568.0,1338.6722305170556,20.6,1031.36
7,Castilla y León,2014-01-01,1.118189134808853,0.017867203219315893,0.31835010060362173,0.0053521126760563385,0.04748490945674044,0.045392354124748485,0.06100603621730383,0.33271629778672035,0.127364185110664,0.05577464788732395,0.004225352112676056,0.01545271629778672,0.029537223340040244,0.0,0.0011267605633802818,0.0021327967806841048,0.015010060362173039,0.039396378269617706,2485000.0,20737.0,1282.3474729201223,20.4,4622.1
8,Castilla La Mancha,2014-01-01,0.8891630382196419,0.010546686018384132,0.23507498790517659,0.00382196419932269,0.029704886308659893,0.04267053701015965,0.052588292210933724,0.2540396710208031,0.11659409772617318,0.04639574262215772,0.0046444121915820025,0.009820996613449444,0.028785679729075957,0.0,0.0011127237542331882,0.001741654571843251,0.016690856313497822,0.03492985002418965,2067000.0,17099.0,1151.8158159260358,28.4,3596.58
9,Cataluña,2014-01-01,0.828747127990269,0.014096499526963102,0.2328828220029734,0.004906068387619949,0.023300446006217054,0.05345316934720908,0.06203541019056629,0.22880118934991214,0.08490336531963778,0.04076226517096905,0.00195972428706582,0.004933099067441546,0.023949182321935398,1.3515339910798756e-05,0.0014866873901878631,0.0014731720502770644,0.012650358156507637,0.03714015407487498,7399000.0,26403.0,1117.8975536457904,15.8,13614.16
10,Valencia,2014-01-01,0.8399029714978775,0.013543561754598745,0.23193854861532243,0.0036385688295936932,0.028643622397412576,0.04087325651910249,0.058257529816050126,0.2576915302203356,0.08338386901152213,0.03943804325854053,0.0030321406913280777,0.008995350717606631,0.02684455225389125,0.0,0.0014958560743885184,0.00155649888821508,0.013341419041843541,0.027228623408126137,4947000.0,19469.0,1084.3521352357177,26.2,8310.96
11,Extremadura,2014-01-01,0.9880146386093321,0.015279048490393412,0.2758462946020128,0.003202195791399817,0.027538883806038427,0.026349496797804208,0.05068618481244282,0.3136322049405307,0.11244281793229642,0.053796889295516924,0.003019213174748399,0.010430009149130833,0.03010064043915828,0.0,0.0012808783165599268,0.0031107044830741082,0.03549862763037512,0.025800548947849958,1093000.0,15564.0,1207.9556035971107,33.1,1912.75
12,Galicia,2014-01-01,1.0926980649872216,0.01529755385177072,0.3005841548010223,0.006754289886820007,0.0271631982475356,0.07108433734939759,0.05129609346476816,0.34998174516246805,0.11953267615918217,0.051259583789704265,0.005111354508944871,0.00624315443592552,0.026542533771449436,0.0,0.0008397225264695145,0.001606425702811245,0.013179992698064986,0.04622124863088718,2739000.0,19782.0,1201.9943258743228,15.4,4820.64
13,Madrid,2014-01-01,0.6754077791718947,0.010915934755332497,0.20257214554579672,0.001756587202007528,0.015119196988707654,0.02278858218318695,0.03056775407779172,0.17951693851944792,0.09840025094102886,0.03125784190715182,0.0018193224592220828,0.00428168130489335,0.021941656210790462,1.5683814303638644e-05,0.002352572145545797,0.0012547051442910915,0.030912797992471767,0.019934127979924717,6376000.0,30574.0,1094.465121063417,14.7,12752.0
14,Murcia,2014-01-01,0.7111491108071135,0.012722298221614227,0.19555403556771547,0.0029411764705882353,0.02667578659370725,0.023461012311901504,0.04753761969904241,0.20868673050615594,0.08652530779753763,0.03816689466484268,0.0025991792065663474,0.005198358413132695,0.02777017783857729,0.0,0.0022571819425444596,0.0017783857729138169,0.00506155950752394,0.024213406292749658,1462000.0,18260.0,1110.438562848795,37.2,2558.5
15,Navarra,2014-01-01,0.8665094339622641,0.011949685534591194,0.2588050314465409,0.0037735849056603774,0.034748427672955974,0.043867924528301884,0.06446540880503145,0.23286163522012576,0.09402515723270441,0.04449685534591195,0.001572327044025157,0.011477987421383647,0.01839622641509434,0.0,0.001572327044025157,0.0042452830188679245,0.006918238993710691,0.03333333333333333,636000.0,27524.0,1403.235722282887,11.9,1520.04
16,Euskadi,2014-01-01,0.9314549653579677,0.014780600461893764,0.2937182448036952,0.003464203233256351,0.027159353348729796,0.0548729792147806,0.05958429561200924,0.2491916859122402,0.08651270207852194,0.04378752886836028,0.002725173210161663,0.010115473441108545,0.022632794457274827,0.0,0.0007852193995381062,0.0023094688221709007,0.02725173210161663,0.0325635103926097,2165000.0,28946.0,1586.0460779039383,10.2,4611.45
17,La Rioja,2014-01-01,0.9191082802547771,0.009554140127388535,0.2503184713375796,0.0044585987261146496,0.028343949044585988,0.054140127388535034,0.07643312101910828,0.28312101910828025,0.08853503184713375,0.04363057324840764,0.0009554140127388536,0.014012738853503185,0.021974522292993633,0.0,0.0009554140127388536,0.001592356687898089,0.006050955414012738,0.03503184713375796,314000.0,24471.0,1113.588878326873,16.2,527.52
0,NACIONAL,2013-01-01,0.8379348829223273,0.013326036099843324,0.23827828214538663,0.0035176957912132724,0.026197068229133133,0.03643680381173138,0.04611422316657009,0.25214946451183656,0.09135492455948319,0.04158993840276436,0.002768656235915266,0.007213529929388535,0.025087459489622908,3.8632412594166507e-05,0.0015302727877578178,0.001626853819243234,0.019202455304444872,0.031502586225398664,46593000.0,21899.0,1141.8487218132666,20.4,82935.54
1,Andalucía,2013-01-01,0.7832359604149278,0.013234768093478002,0.20775008942410875,0.0029211875521640636,0.021414093239537378,0.02384642899725766,0.04081316322880649,0.2584237510432813,0.08103016573268153,0.043984738285441756,0.002873494694169548,0.007702396566114224,0.024227971861213785,7.153928699177298e-05,0.0021938714677477047,0.0015380946703231191,0.023703350423274115,0.027506855848336714,8387000.0,16221.0,1009.7486736852939,29.1,12915.98
2,Aragón,2013-01-01,1.0009745127436283,0.0143928035982009,0.28215892053973013,0.0036731634182908543,0.036281859070464766,0.04692653673163419,0.05014992503748125,0.3159670164917541,0.09452773613193403,0.053298350824587705,0.0017241379310344827,0.018215892053973014,0.026386806596701645,0.00014992503748125936,0.000974512743628186,0.0017241379310344827,0.0239880059970015,0.03043478260869565,1334000.0,24041.0,1210.7533268112372,16.1,2748.04
3,Asturias,2013-01-01,1.1979284369114878,0.013841807909604518,0.3408662900188324,0.0031073446327683617,0.03352165725047081,0.06713747645951036,0.06346516007532957,0.3930320150659134,0.1224105461393597,0.050659133709981166,0.003766478342749529,0.011770244821092278,0.031732580037664784,9.416195856873823e-05,0.0007532956685499058,0.0016007532956685499,0.010263653483992467,0.04990583804143126,1062000.0,19518.0,1391.6725701917153,14.1,2293.92
4,Baleares,2013-01-01,0.6888489208633094,0.012859712230215828,0.1873201438848921,0.0028776978417266188,0.024280575539568344,0.030485611510791363,0.039928057553956835,0.21097122302158275,0.0678956834532374,0.033543165467625896,0.0025179856115107916,0.0057553956834532375,0.02284172661870504,0.0,0.00170863309352518,0.0014388489208633094,0.014838129496402879,0.0295863309352518,1112000.0,23304.0,1057.7174669398212,19.8,2012.72
5,Canarias,2013-01-01,0.646157495256167,0.011053130929791271,0.20256166982922202,0.0023719165085388993,0.05934535104364327,0.0226280834914611,0.03135673624288425,0.1476280834914611,0.07324478178368121,0.028984819734345354,0.0021821631878557873,0.005265654648956357,0.020967741935483872,4.743833017077799e-05,0.0009013282732447817,0.0017552182163187856,0.008444022770398482,0.027419354838709678,2108000.0,18512.0,1224.5986203564987,28.4,3646.84
6,Cantabria,2013-01-01,0.952891156462585,0.025170068027210883,0.28656462585034015,0.00272108843537415,0.011054421768707483,0.06428571428571428,0.04727891156462585,0.2685374149659864,0.10595238095238095,0.03945578231292517,0.004591836734693877,0.0020408163265306124,0.028741496598639456,0.0,0.0017006802721088435,0.0010204081632653062,0.013945578231292517,0.04982993197278912,588000.0,20159.0,1310.3518137771796,17.8,981.96
7,Castilla y León,2013-01-01,1.0976456504389465,0.017318435754189943,0.32254588986432564,0.004948124501197127,0.04229848363926576,0.04158020750199521,0.05514764565043895,0.33080606544293695,0.12286512370311253,0.05387071029529131,0.004668794892258579,0.01249002394253791,0.028970470869912213,3.990422984836393e-05,0.0013966480446927375,0.0017158818834796486,0.018236233040702314,0.038747007182761375,2506000.0,20550.0,1289.143405720704,17.5,4510.8
8,Castilla La Mancha,2013-01-01,0.8750840134421508,0.009649543927028326,0.23470955352856457,0.0035525684109457513,0.03504560729716755,0.03586173787806049,0.04699951992318771,0.26039366298607775,0.10470475276044167,0.044599135861737874,0.004080652904464715,0.00897743638982237,0.02784445511281805,0.0,0.0014402304368698992,0.0016802688430148825,0.016898703792606818,0.038646183389342295,2083000.0,17351.0,1166.5251686635736,31.3,3582.76
9,Cataluña,2013-01-01,0.8169689641273681,0.014160956603520087,0.23483810291549106,0.00471584038694075,0.024963052532580948,0.05046352277307538,0.05740964664785705,0.22875184737337095,0.0823055219669488,0.039943571140669085,0.001625688566438264,0.00514577455327153,0.0216310627435174,5.374177079134758e-05,0.0012360607282009943,0.0017063012226252857,0.012253123740427248,0.03576514846164181,7443000.0,25795.0,1108.3917523970454,13.9,13099.68
10,Valencia,2013-01-01,0.8157640426816992,0.011979061807932354,0.23032011274411116,0.004026575397624321,0.027159251056976044,0.03720555667404872,0.05065431850211395,0.25548620897926316,0.0823032011274411,0.03909804711093215,0.002939400040265754,0.006603583652103885,0.02671632776323737,4.02657539762432e-05,0.001067042480370445,0.001570364405073485,0.012522649486611635,0.026072075699617475,4967000.0,18987.0,995.3858759256036,23.6,8145.879999999999
11,Extremadura,2013-01-01,1.0057377049180327,0.015391621129326048,0.2937158469945355,0.003187613843351548,0.024043715846994537,0.026138433515482694,0.04544626593806922,0.3115664845173042,0.12668488160291438,0.05063752276867031,0.0023679417122040073,0.011111111111111112,0.03469945355191257,0.0,0.0010018214936247723,0.0014571948998178506,0.03287795992714025,0.02540983606557377,1098000.0,15532.0,1190.775784142452,30.9,1888.56
12,Galicia,2013-01-01,1.1054486015256084,0.01362150381402107,0.3066472938612423,0.005266981474754813,0.01761714493280058,0.0646930621140574,0.04678532509989103,0.3728296403922993,0.11725390483109335,0.05375953505266982,0.005412277515437704,0.005521249545949873,0.035524881946966944,0.0,0.0009444242644387939,0.0013076643661460224,0.017544496912459136,0.040719215401380314,2753000.0,19586.0,1238.015944566068,17.2,4845.28
13,Madrid,2013-01-01,0.6632196495619525,0.011936795994993742,0.20165832290362953,0.001955569461827284,0.014283479349186482,0.018836045056320402,0.03035043804755945,0.17442115143929912,0.09441489361702128,0.03119524405506884,0.001658322903629537,0.004020650813516896,0.021698998748435543,1.5644555694618272e-05,0.002002503128911139,0.0011264080100125157,0.033041301627033795,0.020603879849812264,6392000.0,30131.0,1108.6259225747363,13.4,12400.48
14,Murcia,2013-01-01,0.6923340177960301,0.011772758384668036,0.18692676249144421,0.003080082135523614,0.026351813826146476,0.0216290212183436,0.03648186173853525,0.21259411362080766,0.08569472963723478,0.03374401095140315,0.002532511978097194,0.00513347022587269,0.03114305270362765,0.0,0.0026694045174537988,0.002327173169062286,0.006844626967830253,0.023408624229979465,1461000.0,18181.0,1071.830584537346,26.8,2556.75
15,Navarra,2013-01-01,0.8356357927786499,0.010361067503924647,0.2491365777080063,0.0034536891679748825,0.019937205651491367,0.0326530612244898,0.06028257456828886,0.2467817896389325,0.08665620094191523,0.04395604395604395,0.003610675039246468,0.01130298273155416,0.021978021978021976,0.0,0.0009419152276295134,0.002354788069073783,0.00706436420722135,0.035164835164835165,637000.0,27060.0,1340.6326237762241,9.9,1490.58
16,Euskadi,2013-01-01,0.9087557603686637,0.014377880184331799,0.2830414746543779,0.0033640552995391703,0.029493087557603687,0.050506912442396315,0.05635944700460829,0.24972350230414744,0.08640552995391705,0.04341013824884792,0.0027188940092165896,0.010184331797235022,0.018525345622119816,0.0,0.0012442396313364055,0.0020737327188940094,0.022995391705069125,0.03433179723502305,2170000.0,28387.0,1607.179377734944,10.5,4817.4
17,La Rioja,2013-01-01,0.9085443037974683,0.012341772151898734,0.2544303797468354,0.003164556962025317,0.027215189873417724,0.03892405063291139,0.0759493670886076,0.2901898734177215,0.08259493670886077,0.043037974683544304,0.002848101265822785,0.010759493670886076,0.019303797468354433,0.0,0.000949367088607595,0.002848101265822785,0.008544303797468353,0.035443037974683546,316000.0,23796.0,1090.1878030377748,19.3,521.4
0,NACIONAL,2012-01-01,0.8616302441945003,0.0139417525552752,0.2373369541974939,0.0033250652183210026,0.027421631099516744,0.03666124962579652,0.047233032545011336,0.2610806996535945,0.10121883419578326,0.04233203609459864,0.0027926271222683146,0.008052858914596074,0.025315400076979,2.1383056066373005e-05,0.0017726553479023223,0.0017598255142624985,0.02141940726168584,0.029944831715348758,46766000.0,22048.0,1210.8936773952062,20.8,84646.46
1,Andalucía,2012-01-01,0.8154717881426696,0.013014433973517833,0.21086723130144341,0.0028390790886317547,0.023261362280806393,0.025098413455803416,0.04117857568889419,0.27132291542407255,0.09323631158296553,0.045401407610640585,0.00255278539902183,0.007598711678396755,0.0245616127877848,1.1928903733746868e-05,0.002111415960873196,0.001968269116068233,0.02259334367171657,0.02785399021829894,8383000.0,16462.0,1124.4014572298724,28.3,12909.82
2,Aragón,2012-01-01,1.0241791044776118,0.014104477611940298,0.2787313432835821,0.004402985074626865,0.035671641791044775,0.04828358208955224,0.050597014925373135,0.3182835820895522,0.11417910447761193,0.05089552238805971,0.0031343283582089556,0.020298507462686566,0.028208955223880595,0.0,0.0014925373134328358,0.0013432835820895521,0.02574626865671642,0.02880597014925373,1340000.0,23840.0,1381.7019923806163,14.5,2921.2
3,Asturias,2012-01-01,1.2290654205607476,0.015607476635514018,0.34953271028037386,0.003738317757009346,0.03962616822429906,0.06485981308411215,0.061401869158878505,0.39121495327102807,0.13841121495327102,0.05336448598130841,0.003738317757009346,0.009626168224299065,0.034766355140186916,0.0,0.001869158878504673,0.001869158878504673,0.01205607476635514,0.04738317757009346,1070000.0,19954.0,1444.3640423684437,13.0,2332.6
4,Baleares,2012-01-01,0.7307971014492753,0.011865942028985508,0.19737318840579712,0.0023550724637681156,0.02246376811594203,0.03197463768115942,0.03858695652173913,0.22164855072463766,0.08088768115942029,0.03414855072463768,0.0026268115942028984,0.006793478260869565,0.027355072463768115,9.057971014492754e-05,0.0017210144927536234,0.0008152173913043478,0.020380434782608696,0.029710144927536233,1104000.0,23525.0,1110.6245536829,19.9,2053.44
5,Canarias,2012-01-01,0.6730879541108987,0.012762906309751434,0.20492351816443596,0.0028680688336520078,0.0628585086042065,0.026434034416826003,0.03078393881453155,0.16577437858508604,0.070697896749522,0.02954110898661568,0.002915869980879541,0.004923518164435947,0.019263862332695985,4.780114722753347e-05,0.00124282982791587,0.0018164435946462713,0.008891013384321224,0.027342256214149138,2092000.0,18733.0,1249.2990998111484,33.6,3598.24
6,Cantabria,2012-01-01,0.9834179357021997,0.021658206429780034,0.2917089678510998,0.005245346869712352,0.016243654822335026,0.05888324873096446,0.049915397631133666,0.28697123519458545,0.10321489001692047,0.03840947546531303,0.0038917089678510994,0.005752961082910322,0.028087986463620977,0.0,0.0016920473773265653,0.0015228426395939086,0.02233502538071066,0.047884940778341795,591000.0,20585.0,1272.305696155632,17.7,998.79
7,Castilla y León,2012-01-01,1.1182825484764543,0.017372378314206568,0.319192718638702,0.00407597942223981,0.04333201424614167,0.04170953700039572,0.05464978235061338,0.3376335575781559,0.13929560743965178,0.054372774040364065,0.004194697269489513,0.013533834586466165,0.029362880886426593,3.9572615749901066e-05,0.001266323703996834,0.001701622477245746,0.020459042342698852,0.03609022556390978,2527000.0,20922.0,1351.5881636648116,15.9,4776.03
8,Castilla La Mancha,2012-01-01,0.9076226774654597,0.010433539780848024,0.23292043830395426,0.0033825631252977608,0.036303001429252024,0.03801810385898047,0.0474511672224869,0.268747022391615,0.12701286326822298,0.046688899475940925,0.0037160552644116243,0.008384945212005718,0.027632205812291567,0.0,0.0016198189614101952,0.0015245354930919486,0.01619818961410195,0.03758932825154836,2099000.0,17572.0,1237.7933470337327,30.0,3715.23
9,Cataluña,2012-01-01,0.8401414087513339,0.015181430096051227,0.23014941302027747,0.004148879402347919,0.02544023479188901,0.05054695837780149,0.05884471718249733,0.24058164354322306,0.09152881536819638,0.04072838847385272,0.001907684098185699,0.010285485592315902,0.021371398078975454,0.0,0.001574172892209178,0.0018943436499466381,0.013113660618996797,0.032844183564567773,7496000.0,25806.0,1165.7885843141253,15.8,13717.68
10,Valencia,2012-01-01,0.8462292458491699,0.01320264052810562,0.2285257051410282,0.004060812162432486,0.028345669133826763,0.037067413482696536,0.05219043808761752,0.2722144428885777,0.08953790758151631,0.0389877975595119,0.0031406281256251252,0.006721344268853771,0.029065813162632525,6.00120024004801e-05,0.0014002800560112022,0.0016203240648129625,0.012862572514502901,0.027225445089017804,4999000.0,19038.0,1096.3817328121322,25.0,8348.33
11,Extremadura,2012-01-01,1.0296733212341198,0.017876588021778585,0.29010889292196007,0.003901996370235935,0.028947368421052635,0.02931034482758621,0.04337568058076225,0.3176043557168784,0.13829401088929222,0.051905626134301275,0.002631578947368421,0.010163339382940109,0.02967332123411978,0.0,0.0008166969147005445,0.0013611615245009074,0.035208711433756805,0.02849364791288566,1102000.0,15485.0,1370.434443910151,29.4,1961.56
12,Galicia,2012-01-01,1.116491862567812,0.014755877034358048,0.3053164556962025,0.002603978300180832,0.018010849909584088,0.06401446654611212,0.05088607594936708,0.3720433996383363,0.1278119349005425,0.0549005424954792,0.005063291139240506,0.006329113924050634,0.03312839059674503,3.616636528028933e-05,0.000976491862567812,0.0013743218806509946,0.02054249547920434,0.03869801084990958,2765000.0,19514.0,1273.821885875456,18.3,4949.35
13,Madrid,2012-01-01,0.6660286336756925,0.012496109554933086,0.19789915966386554,0.0021786492374727667,0.015966386554621848,0.015157173980703391,0.03415810768751945,0.1700746965452848,0.10004668534080298,0.030781201369436663,0.0018985371926548396,0.003548085901027078,0.021055088702147527,1.556178026766262e-05,0.0025210084033613447,0.0016339869281045754,0.0424214130096483,0.014176781823840648,6426000.0,30349.0,1116.2424858021677,14.2,12980.52
14,Murcia,2012-01-01,0.731006160164271,0.012594113620807666,0.18193018480492815,0.0020533880903490756,0.023545516769336073,0.0216290212183436,0.04140999315537303,0.23319644079397672,0.09863107460643394,0.03737166324435318,0.0019849418206707736,0.004654346338124572,0.03169062286105407,0.0,0.003696098562628337,0.0022587268993839835,0.008624229979466118,0.02573579739904175,1461000.0,18141.0,1233.6611956380225,25.2,2585.97
15,Navarra,2012-01-01,0.8413145539906103,0.009702660406885758,0.24366197183098592,0.003129890453834116,0.020657276995305163,0.032550860719874807,0.05805946791862285,0.24350547730829422,0.1,0.04663536776212833,0.002503912363067293,0.012050078247261347,0.024100156494522695,0.0,0.000782472613458529,0.0018779342723004694,0.008607198748043818,0.033489827856025035,639000.0,27030.0,1429.0245839319687,7.0,1456.9199999999998
16,Euskadi,2012-01-01,0.9303211009174311,0.015229357798165137,0.2820183486238532,0.0037155963302752297,0.02944954128440367,0.055091743119266054,0.05559633027522935,0.2631192660550459,0.08798165137614679,0.04385321100917431,0.002706422018348624,0.009036697247706421,0.020596330275229356,0.0,0.001238532110091743,0.0018348623853211008,0.02610091743119266,0.03275229357798165,2180000.0,28697.0,1597.361884216008,13.3,4643.4
17,La Rioja,2012-01-01,0.9446875,0.012187499999999999,0.27718750000000003,0.0034375,0.024374999999999997,0.0459375,0.0659375,0.29750000000000004,0.088125,0.0434375,0.0028125,0.01125,0.02375,0.0,0.001875,0.0028125,0.010937500000000001,0.033125,320000.0,23857.0,1140.6327128516725,16.8,544.0
0,NACIONAL,2011-01-01,0.8300047072920232,0.013689661074974324,0.23395455323519343,0.003269428277986991,0.02736434440260185,0.03268572406710031,0.043337042108866825,0.2531817014720986,0.09038642588154741,0.04188634029441972,0.00250128380691544,0.007247090037658337,0.02355999657651489,2.9955494693598084e-05,0.001782351934269086,0.001968503937007874,0.022706264977747345,0.030454039712427248,46736000.0,22761.0,1233.3772738604255,20.6,84592.16
1,Andalucía,2011-01-01,0.7866618773946361,0.013362068965517242,0.2038074712643678,0.0028855363984674333,0.020833333333333336,0.023491379310344826,0.03891283524904214,0.26704980842911874,0.08376436781609195,0.04420498084291188,0.002334770114942529,0.007435344827586207,0.023311781609195403,4.7892720306513405e-05,0.0022988505747126436,0.0022150383141762453,0.022976532567049807,0.027729885057471263,8352000.0,17167.0,1125.6593066491696,30.7,12945.6
2,Aragón,2011-01-01,1.008407738095238,0.012797619047619047,0.28132440476190473,0.004166666666666667,0.037723214285714284,0.045312500000000006,0.05275297619047619,0.3148809523809524,0.10066964285714286,0.05148809523809524,0.002976190476190476,0.018154761904761906,0.03005952380952381,7.440476190476191e-05,0.0027529761904761902,0.002306547619047619,0.023214285714285715,0.027752976190476192,1344000.0,24819.0,1375.45254704433,15.5,2929.92
3,Asturias,2011-01-01,1.1793488372093022,0.014790697674418605,0.34744186046511627,0.003255813953488372,0.042697674418604656,0.060093023255813956,0.05488372093023256,0.37609302325581395,0.11665116279069768,0.05711627906976744,0.004093023255813954,0.011627906976744186,0.030325581395348838,0.0,0.0021395348837209304,0.002697674418604651,0.010790697674418604,0.044651162790697675,1075000.0,20812.0,1442.2520556132192,14.1,2375.75
4,Baleares,2011-01-01,0.7002739726027397,0.01050228310502283,0.18986301369863012,0.003013698630136986,0.02182648401826484,0.032237442922374425,0.03598173515981735,0.21305936073059362,0.06821917808219179,0.040273972602739724,0.002465753424657534,0.007488584474885844,0.025296803652968037,9.132420091324201e-05,0.0021917808219178085,0.0010958904109589042,0.017442922374429223,0.029223744292237445,1095000.0,24098.0,1077.5819064993525,21.0,2003.85
5,Canarias,2011-01-01,0.6540501446480231,0.010414657666345226,0.1977338476374156,0.0031822565091610415,0.06788813886210222,0.024011571841851494,0.02926711668273867,0.16253616200578594,0.06277724204435872,0.029701060752169717,0.0017357762777242044,0.005303760848601736,0.018129218900675023,0.0,0.0015911282545805208,0.0024590163934426227,0.013404050144648023,0.02391513982642237,2074000.0,19574.0,1230.5452154744078,30.1,3588.02
6,Cantabria,2011-01-01,0.9485617597292724,0.026395939086294413,0.27834179357021993,0.003214890016920474,0.010490693739424704,0.04754653130287648,0.04399323181049069,0.2917089678510998,0.09543147208121827,0.04365482233502538,0.003553299492385787,0.006598984771573603,0.026903553299492386,0.0,0.0006768189509306261,0.0016920473773265653,0.02927241962774958,0.03908629441624366,591000.0,21338.0,1234.407629112649,16.7,1010.61
7,Castilla y León,2011-01-01,1.0655253837072018,0.01668634395907123,0.30877607241243604,0.004643841007477371,0.03998425816607635,0.03486816214088941,0.049980322707595434,0.32617079889807166,0.12089728453364817,0.05454545454545455,0.0037386855568673754,0.012436048799685162,0.030735930735930738,3.935458480913026e-05,0.0018103109012199922,0.001338055883510429,0.01948051948051948,0.0393939393939394,2541000.0,21475.0,1360.0061578094037,17.6,4700.85
8,Castilla La Mancha,2011-01-01,0.8584403233475986,0.013456966238706609,0.23357108892058964,0.0028530670470756064,0.033951497860199714,0.03518782691393248,0.04103661436043747,0.25882073228720875,0.10551592962434618,0.04369947693770804,0.003281027104136947,0.008511650023775559,0.025059438896814078,0.0001426533523537803,0.0012363290537327628,0.0016642891107941035,0.016833095577746076,0.033618640038040895,2103000.0,18190.0,1340.6479243928334,29.4,3974.67
9,Cataluña,2011-01-01,0.8020788912579957,0.014538912579957356,0.22998400852878462,0.004251066098081024,0.029264392324093818,0.04276385927505331,0.05122601279317697,0.22397388059701492,0.08158315565031983,0.03885927505330491,0.0016391257995735607,0.0047174840085287845,0.02025586353944563,1.3326226012793176e-05,0.0015991471215351812,0.0019856076759061834,0.017217484008528787,0.03820628997867804,7504000.0,26507.0,1227.886485586928,14.2,13732.32
10,Valencia,2011-01-01,0.8154338264694123,0.012634946021591363,0.2296281487405038,0.003958416633346661,0.027129148340663736,0.03254698120751699,0.04558176729308277,0.2637145141943223,0.08308676529388244,0.041343462614954016,0.0029988004798080768,0.006717313074770092,0.02554978008796481,1.9992003198720512e-05,0.001599360255897641,0.0018592562974810074,0.012215113954418233,0.024850059976009593,5002000.0,19933.0,1103.233869269026,22.0,8203.279999999999
11,Extremadura,2011-01-01,0.9595648232094288,0.013508612873980053,0.270716228467815,0.00371713508612874,0.032910244786944695,0.026019945602901176,0.04641885766092475,0.30371713508612874,0.11169537624660017,0.05022665457842248,0.002085222121486854,0.00970081595648232,0.026835902085222123,9.066183136899366e-05,0.002447869446962829,0.0021758839528558476,0.032094288304623755,0.025203989120580236,1103000.0,16074.0,1426.192613729911,31.7,1819.95
12,Galicia,2011-01-01,1.0782749909779863,0.01465175027066041,0.3000360880548538,0.00245398773006135,0.018729700469144715,0.05694695055936485,0.05030674846625767,0.349548899314327,0.11761097076867556,0.05185853482497293,0.003536629375676651,0.007867195958137858,0.02930350054132082,0.0,0.0011187297004691447,0.0016600505232767953,0.033778419343197405,0.03886683507758932,2771000.0,20121.0,1279.0449583001791,16.1,4987.8
13,Madrid,2011-01-01,0.6493056639101263,0.012185988453736932,0.1925105320642846,0.002200031206116399,0.016086753003588704,0.013293805585894837,0.02981744421906694,0.1733499765954127,0.09215166172569823,0.030316742081447964,0.0019659853331252925,0.003947573724449992,0.019971914495241067,0.0,0.0014198782961460446,0.0017319394601341862,0.04244031830238727,0.015915119363395226,6409000.0,30966.0,1115.7512009090403,14.0,12689.82
14,Murcia,2011-01-01,0.6979466119096509,0.013141683778234088,0.1891854893908282,0.002327173169062286,0.019849418206707735,0.02128678986995209,0.036139630390143736,0.22026009582477757,0.0838466803559206,0.03648186173853525,0.003080082135523614,0.004996577686516085,0.02573579739904175,6.844626967830253e-05,0.0026009582477754963,0.0018480492813141684,0.007255304585900069,0.029842573579739903,1461000.0,18641.0,1386.8043203192997,25.8,2615.19
15,Navarra,2011-01-01,0.8084639498432602,0.011755485893416929,0.2427899686520376,0.0017241379310344827,0.017398119122257052,0.030564263322884016,0.0506269592476489,0.24247648902821317,0.09043887147335423,0.044200626959247646,0.0023510971786833853,0.009561128526645767,0.02225705329153605,0.0,0.0004702194357366771,0.0017241379310344827,0.006112852664576803,0.03401253918495298,638000.0,28097.0,1525.5507735067445,8.1,1499.3
16,Euskadi,2011-01-01,0.9080586080586082,0.015018315018315017,0.2866300366300366,0.002747252747252747,0.028021978021978023,0.04995421245421245,0.055311355311355316,0.25906593406593403,0.08072344322344323,0.04322344322344322,0.002335164835164835,0.009752747252747253,0.018086080586080588,0.0,0.0015567765567765569,0.0020604395604395605,0.02248168498168498,0.03108974358974359,2184000.0,29364.0,1606.0530243649953,13.8,4608.24
17,La Rioja,2011-01-01,0.8987538940809969,0.009968847352024923,0.26292834890965733,0.003738317757009346,0.024922118380062305,0.038317757009345796,0.07663551401869159,0.28255451713395635,0.0794392523364486,0.04205607476635514,0.0021806853582554517,0.012772585669781933,0.016510903426791276,0.0,0.0021806853582554517,0.0024922118380062306,0.009345794392523364,0.03271028037383178,321000.0,24630.0,1204.428761082758,20.6,529.65
0,NACIONAL,2010-01-01,0.8205124350328594,0.013936257033632576,0.23027361367638846,0.003262316910785619,0.027056397921051502,0.031830677376401356,0.04141789442034277,0.25584811648984146,0.0864782440616812,0.041014131695373914,0.002456939134916885,0.007145311627507409,0.022535544005841672,4.295348137966582e-05,0.0017847171513251149,0.0020853915209827754,0.023134745071088012,0.03020918345431897,46562000.0,23038.0,1290.0057052054924,20.7,83345.98
1,Andalucía,2010-01-01,0.7765719103830403,0.012346422548783426,0.20045772103107684,0.0025776921223801493,0.026427366899542278,0.023271500843170322,0.03526860997350036,0.26644182124789206,0.0773066730908215,0.04524211033485907,0.0020115634786798363,0.006624909660322814,0.021247892074198988,4.8181161165984094e-05,0.0023970127680077087,0.0026379185738376293,0.0242471693567815,0.02801734521801975,8302000.0,17434.0,1187.4528684949673,28.3,12951.12
2,Aragón,2010-01-01,0.9824274013402831,0.01496649292628444,0.2721518987341772,0.003499627699180938,0.030081906180193598,0.043261355174981385,0.04914370811615786,0.30476545048399106,0.09895755770662695,0.04973938942665674,0.0022338049143708115,0.016306775874906924,0.0308265078183172,0.0,0.001191362620997766,0.002680565897244974,0.027922561429635145,0.03469843633655994,1343000.0,25173.0,1419.1766418658908,14.2,2874.02
3,Asturias,2010-01-01,1.1826208178438662,0.01570631970260223,0.3420074349442379,0.005390334572490707,0.037267657992565054,0.06263940520446097,0.057527881040892195,0.39135687732342006,0.11263940520446097,0.055669144981412635,0.0034386617100371744,0.011059479553903346,0.027695167286245354,0.0,0.0013011152416356876,0.0022304832713754643,0.009200743494423793,0.0474907063197026,1076000.0,21125.0,1522.5664228436995,11.5,2334.92
4,Baleares,2010-01-01,0.7068077276908924,0.01030358785648574,0.19586016559337624,0.0034958601655933758,0.020331186752529897,0.032750689972401104,0.04075436982520699,0.22548298068077277,0.057681692732290714,0.03560257589696412,0.002759889604415823,0.008003679852805888,0.02373505059797608,0.0,0.002115915363385465,0.0015639374425023,0.017111315547378103,0.029254829806807728,1087000.0,24397.0,1085.5100473636367,22.7,2000.08
5,Canarias,2010-01-01,0.6235265465172918,0.011154408183146615,0.1945932781295665,0.003360935216755967,0.05528494885533366,0.024744276668290304,0.02839746712128592,0.16264003896736481,0.05387238188017536,0.025962006819288848,0.0014612761811982466,0.005455431076473454,0.016122747199220654,4.870920603994155e-05,0.0017535314174378957,0.0018509498295177789,0.009839259620068192,0.02698490014612762,2053000.0,19878.0,1396.955487894089,29.7,3510.63
6,Cantabria,2010-01-01,0.9280135823429542,0.01867572156196944,0.27215619694397286,0.001697792869269949,0.012903225806451613,0.0432937181663837,0.04125636672325976,0.29830220713073,0.09371816638370119,0.040067911714770796,0.005263157894736842,0.008488964346349746,0.023259762308998302,0.00016977928692699492,0.001867572156196944,0.0011884550084889642,0.030220713073005095,0.035483870967741936,589000.0,21772.0,1352.4238666921647,20.1,1001.3
7,Castilla y León,2010-01-01,1.0647151277013753,0.01913555992141454,0.31273084479371316,0.004243614931237721,0.03579567779960707,0.033438113948919455,0.04487229862475442,0.33163064833005895,0.11508840864440079,0.0555992141453831,0.004872298624754421,0.012888015717092338,0.03265225933202358,3.929273084479371e-05,0.0010609037328094303,0.0018467583497053044,0.02066797642436149,0.0381532416502947,2545000.0,21596.0,1381.2616450275223,19.5,4657.35
8,Castilla La Mancha,2010-01-01,0.8352631578947368,0.012822966507177033,0.21875598086124404,0.003157894736842105,0.02952153110047847,0.03325358851674641,0.04043062200956938,0.2619617224880383,0.1030622009569378,0.04406698564593301,0.0041148325358851675,0.008708133971291866,0.022870813397129187,0.0,0.0016267942583732056,0.0020095693779904307,0.015980861244019137,0.03291866028708134,2090000.0,18515.0,1400.1166005163757,28.3,3950.1
9,Cataluña,2010-01-01,0.7984485756319379,0.015233382372609336,0.23027952387321116,0.004346663100173866,0.03113548214524542,0.041768088805670726,0.050300922830012036,0.2285274842851411,0.07916276581516651,0.037916276581516646,0.0011903169720476126,0.004721144844188846,0.017894877624715796,5.3497392002139895e-05,0.0015647987160625919,0.0018590343720743612,0.016824929784673,0.035669386117426774,7477000.0,26976.0,1324.8906324144416,14.7,13682.91
10,Valencia,2010-01-01,0.8045108259823577,0.01319165998396151,0.21986768243785082,0.0034883720930232558,0.025060144346431435,0.033360064153969526,0.04416599839615076,0.2706495589414595,0.07794707297514034,0.03921411387329591,0.003207698476343224,0.007137129109863673,0.024478748997594224,4.0096230954290296e-05,0.002044907778668805,0.0019647153167602245,0.011367281475541299,0.027325581395348835,4988000.0,20285.0,1146.4284264451292,22.7,8230.2
11,Extremadura,2010-01-01,0.9832727272727273,0.017272727272727273,0.2748181818181818,0.0037272727272727275,0.026636363636363635,0.024727272727272726,0.040818181818181816,0.31281818181818183,0.11399999999999999,0.055,0.003363636363636364,0.011727272727272727,0.030545454545454546,0.0,0.002545454545454545,0.0016363636363636363,0.03709090909090909,0.026545454545454546,1100000.0,16480.0,1540.790760966806,35.7,1947.0
12,Galicia,2010-01-01,1.0735835438469867,0.015734391916275715,0.2927463009743775,0.0027787802237459404,0.02295200288704439,0.048321905449296286,0.04749188018765789,0.3549981955972573,0.12547816672681342,0.0468422952002887,0.0036088054853843374,0.007361963190184049,0.027426921688920965,3.6088054853843375e-05,0.001046553590761458,0.0014796102490075786,0.03616023096355106,0.03911945146156622,2771000.0,20481.0,1344.9492912502853,18.1,4987.8
13,Madrid,2010-01-01,0.6395363408521303,0.012719298245614035,0.1923245614035088,0.0020050125313283208,0.013110902255639097,0.013847117794486214,0.028289473684210524,0.17150689223057644,0.08634085213032582,0.03046679197994987,0.0017700501253132832,0.004213659147869674,0.020222431077694236,4.6992481203007515e-05,0.0017230576441102756,0.0022399749373433584,0.043515037593984965,0.01519423558897243,6384000.0,30879.0,1111.0373728621119,14.4,12065.76
14,Murcia,2010-01-01,0.6851648351648352,0.011469780219780219,0.1878434065934066,0.00260989010989011,0.020947802197802196,0.018956043956043955,0.03907967032967033,0.22190934065934065,0.0779532967032967,0.03482142857142857,0.0021291208791208794,0.004120879120879121,0.02651098901098901,0.0,0.002403846153846154,0.0020604395604395605,0.007623626373626373,0.024725274725274724,1456000.0,19164.0,1365.5089139900467,29.8,2533.44
15,Navarra,2010-01-01,0.7844094488188976,0.013385826771653543,0.2211023622047244,0.003307086614173228,0.025511811023622048,0.02409448818897638,0.0505511811023622,0.2377952755905512,0.09086614173228347,0.04409448818897638,0.003464566929133858,0.010866141732283466,0.016850393700787402,0.0,0.00047244094488188977,0.0009448818897637795,0.010393700787401575,0.030708661417322838,635000.0,28306.0,1558.8216990948004,10.7,1619.25
16,Euskadi,2010-01-01,0.8878037597432371,0.013480055020632738,0.2757909215955983,0.004034846400733608,0.03003209536909674,0.05043558000917011,0.05194864740944521,0.2603392939018799,0.07753324163227877,0.041127922971114166,0.002017423200366804,0.008803301237964236,0.018982118294360386,4.585052728106373e-05,0.001375515818431912,0.0019257221458046769,0.021045392022008252,0.02888583218707015,2181000.0,29655.0,1665.623246676489,11.7,4427.43
17,La Rioja,2010-01-01,0.8949843260188087,0.010344827586206896,0.254858934169279,0.0028213166144200625,0.023510971786833857,0.038871473354231974,0.064576802507837,0.3031347962382445,0.07241379310344827,0.041379310344827586,0.002507836990595611,0.010658307210031347,0.021003134796238245,0.0003134796238244514,0.0006269592476489028,0.0021943573667711595,0.010658307210031347,0.03510971786833855,319000.0,24938.0,1286.1985489666436,21.2,519.9699999999999
0,NACIONAL,2009-01-01,0.8301874177755731,0.014758341061530829,0.22673884443677617,0.0031660448163564605,0.02687687363857916,0.031177345957254084,0.0405029439040697,0.2589276856384929,0.09334656113183945,0.04217870468220933,0.002581577414971855,0.007464360428753208,0.023400263118165936,3.666400672892359e-05,0.001941035650354778,0.0019173118812948863,0.023909245799814523,0.03126361420838096,46367000.0,23062.0,1278.1725838626965,20.4,83924.27
1,Andalucía,2009-01-01,0.7851770984958758,0.013573508005822415,0.19889616690926737,0.002353226589034449,0.02509704027171276,0.022016011644832606,0.03526200873362446,0.2701965065502183,0.08282387190684133,0.046834061135371176,0.0023896166909267345,0.006149927219796215,0.021009218825812713,8.49102377486657e-05,0.002777777777777778,0.0026200873362445414,0.0230228044638525,0.03007035419699175,8244000.0,17573.0,1196.463717285802,28.8,11788.92
2,Aragón,2009-01-01,0.987202380952381,0.014211309523809524,0.26979166666666665,0.0037202380952380955,0.038318452380952384,0.03861607142857142,0.047619047619047616,0.2936011904761905,0.10312500000000001,0.05461309523809523,0.0026785714285714286,0.015178571428571427,0.034449404761904764,0.00014880952380952382,0.002232142857142857,0.001488095238095238,0.03154761904761905,0.03586309523809524,1344000.0,24965.0,1399.5652817005084,11.3,2956.8000000000006
3,Asturias,2009-01-01,1.1857806691449815,0.013661710037174722,0.3311338289962826,0.004553903345724907,0.036059479553903345,0.06254646840148699,0.05771375464684015,0.39869888475836435,0.11960966542750928,0.06031598513011152,0.002973977695167286,0.0120817843866171,0.028624535315985133,0.0,0.001858736059479554,0.0013011152416356876,0.012360594795539033,0.042286245353159856,1076000.0,20941.0,1448.5471253702171,13.0,2259.6
4,Baleares,2009-01-01,0.7230055658627087,0.010760667903525046,0.19387755102040816,0.0037105751391465673,0.021521335807050092,0.031632653061224494,0.04146567717996289,0.23775510204081635,0.06335807050092765,0.03840445269016698,0.001948051948051948,0.007513914656771799,0.02096474953617811,0.0,0.002319109461966605,0.0014842300556586272,0.017439703153988868,0.028849721706864565,1078000.0,24561.0,1175.0778887284057,18.1,1961.96
5,Canarias,2009-01-01,0.6340216322517207,0.014650934119960669,0.18136676499508356,0.002114060963618486,0.05019665683382498,0.02281219272369715,0.027138643067846607,0.1765486725663717,0.061209439528023595,0.029154375614552603,0.0029498525073746312,0.00408062930186824,0.014945919370698132,0.0,0.0018190757128810225,0.002064896755162242,0.014503441494591936,0.02846607669616519,2034000.0,19810.0,1446.5058269427984,30.4,3335.76
6,Cantabria,2009-01-01,0.9407849829351537,0.023378839590443685,0.26484641638225254,0.0013651877133105802,0.026962457337883956,0.03856655290102389,0.033959044368600685,0.281740614334471,0.1174061433447099,0.043003412969283276,0.005290102389078498,0.00938566552901024,0.02918088737201365,0.0,0.0013651877133105802,0.0005119453924914676,0.030204778156996587,0.03361774744027304,586000.0,21795.0,1357.3366333747106,13.9,1054.8
7,Castilla y León,2009-01-01,1.0658814291323124,0.020573223400078524,0.30424028268551234,0.00502552021986651,0.030231645072634473,0.03631723596387908,0.04711425206124853,0.3341970946211229,0.12186886533176286,0.05276796230859835,0.004161758932076953,0.01276010993325481,0.03137023949744798,0.0,0.0008244994110718492,0.001452689438555163,0.02426383981154299,0.03871221044365921,2547000.0,21509.0,1337.1976363639674,18.8,4559.13
8,Castilla La Mancha,2009-01-01,0.856433734939759,0.014795180722891566,0.22077108433734943,0.003710843373493976,0.03016867469879518,0.02906024096385542,0.03840963855421687,0.25975903614457835,0.11479518072289156,0.04168674698795181,0.002602409638554217,0.009975903614457831,0.022650602409638555,9.63855421686747e-05,0.0013975903614457832,0.0014457831325301205,0.032578313253012046,0.03253012048192771,2075000.0,18586.0,1380.436011366293,24.8,4150.0
9,Cataluña,2009-01-01,0.8091983348999597,0.014556197126359608,0.22246542231771183,0.003921042030347792,0.029219820061769843,0.04194977843426883,0.048959312474822075,0.23498052907210956,0.08359070766751713,0.03750503558479925,0.0017590976232039748,0.007694373573250973,0.02445279978514838,2.6856452262656103e-05,0.0018933798845172554,0.0016785282664160063,0.020921176312609105,0.03362427823284544,7447000.0,26874.0,1269.2090281345131,15.2,16159.99
10,Valencia,2009-01-01,0.8042736757624397,0.014345906902086676,0.21645264847512038,0.003290529695024077,0.02919341894060995,0.032223113964687,0.04390048154093098,0.2626605136436597,0.08414927768860353,0.03832263242375602,0.0031701444622792936,0.007564205457463884,0.023876404494382025,4.012841091492777e-05,0.0020064205457463883,0.0018459069020866775,0.014024879614767255,0.027207062600321026,4984000.0,20352.0,1136.202461323413,20.9,8173.759999999999
11,Extremadura,2009-01-01,0.9797629899726527,0.018413855970829535,0.26444849589790337,0.002552415679124886,0.026891522333637192,0.02561531449407475,0.039106654512306285,0.3111212397447584,0.1210574293527803,0.05104831358249772,0.003463992707383774,0.010209662716499543,0.0292616226071103,0.0,0.0020054694621695532,0.0018231540565177757,0.04649042844120328,0.026253418413855967,1097000.0,16251.0,1569.098887508304,30.9,1864.9
12,Galicia,2009-01-01,1.0899241603466956,0.01798483206933911,0.29277717587576746,0.0023835319609967496,0.025893824485373782,0.04785120982304081,0.045106536655832426,0.353882267966775,0.13152762730227519,0.04972914409534127,0.0038642109064644277,0.0069700252798844346,0.02712170458649332,0.0,0.0011917659804983748,0.0014084507042253522,0.03683640303358613,0.045395449620801734,2769000.0,20333.0,1361.2118803859144,20.6,5094.96
13,Madrid,2009-01-01,0.6494806421152031,0.012606232294617563,0.19209946490399749,0.002470884482215927,0.013282971356625749,0.013943972300912811,0.026880705067673902,0.1802486622599937,0.09617563739376771,0.03418319169027384,0.0019987409505823105,0.004217815549260308,0.01956248032735285,3.147623544224111e-05,0.0014951211835064525,0.0018885741265344666,0.03012275731822474,0.018271954674220964,6354000.0,31220.0,1125.6202355166897,15.9,12199.68
14,Murcia,2009-01-01,0.7134668508287293,0.014226519337016576,0.18425414364640885,0.0021408839779005527,0.022030386740331493,0.019958563535911602,0.03639502762430939,0.23535911602209944,0.08604972375690607,0.036602209944751385,0.0023480662983425414,0.005110497237569061,0.026864640883977903,0.0,0.002209944751381215,0.0028314917127071825,0.010013812154696131,0.02707182320441989,1448000.0,19103.0,1285.6749280567428,29.1,2360.24
15,Navarra,2009-01-01,0.8169841269841269,0.009682539682539683,0.23793650793650792,0.0034920634920634916,0.023333333333333334,0.027777777777777776,0.04920634920634921,0.24095238095238092,0.09507936507936507,0.04317460317460317,0.00492063492063492,0.01,0.02142857142857143,0.0,0.0009523809523809523,0.002380952380952381,0.00873015873015873,0.037936507936507935,630000.0,28402.0,1445.8323773295285,7.8,1505.7
16,Euskadi,2009-01-01,0.9009646302250804,0.015296279283417546,0.2732200275608636,0.004180064308681672,0.025539733578318787,0.04970142397795131,0.05117133670188333,0.26632981166743225,0.08451998162609095,0.043040881947634356,0.0012861736334405145,0.007808911345888838,0.01933853927423059,0.0,0.0017455213596692695,0.0013780431786862655,0.02563160312356454,0.030776297657326594,2177000.0,29364.0,1631.2361572920959,10.0,3722.67
17,La Rioja,2009-01-01,0.8605015673981191,0.012852664576802508,0.24451410658307213,0.003761755485893417,0.02445141065830721,0.03072100313479624,0.05768025078369906,0.2755485893416928,0.0871473354231975,0.04608150470219436,0.0009404388714733542,0.006896551724137931,0.01692789968652038,0.0,0.003134796238244514,0.002507836990595611,0.012539184952978056,0.034796238244514104,319000.0,24682.0,1256.9110871827656,17.2,545.49
0,NACIONAL,2008-01-01,0.8401452710784421,0.01677141552312811,0.22628797599112715,0.0029184698692995238,0.02682948046017006,0.02835830633060044,0.03804884413805101,0.2670399930409064,0.09612248004697388,0.04235478328947655,0.002633581975947633,0.007402735793662876,0.02300632842572255,5.219320183546093e-05,0.0020529326055281297,0.002009438270665246,0.02500706782941522,0.033249244285931755,45983000.0,24129.0,1241.554904659612,20.8,80930.08
1,Andalucía,2008-01-01,0.8029260528893242,0.015340352595494613,0.2007713026444662,0.002093535749265426,0.025073457394711066,0.019955925563173358,0.0330435847208619,0.280411361410382,0.08517384916748286,0.047318805093046035,0.002607737512242899,0.006439764936336924,0.021253672869735552,0.0001224289911851126,0.0027179236043095006,0.0027546523016650343,0.02566111655239961,0.03218658178256611,8168000.0,18513.0,1178.2188924979116,29.5,11680.24
2,Aragón,2008-01-01,1.0028443113772454,0.017964071856287425,0.2603293413173653,0.0037425149700598802,0.033832335329341316,0.038473053892215565,0.045134730538922155,0.31983532934131736,0.09887724550898204,0.05494011976047904,0.003218562874251497,0.01781437125748503,0.03293413173652695,7.48502994011976e-05,0.0013473053892215567,0.0012724550898203593,0.0377245508982036,0.03532934131736527,1336000.0,26296.0,1317.9344447807518,15.4,2912.48
3,Asturias,2008-01-01,1.1863128491620112,0.018156424581005588,0.336219739292365,0.0036312849162011174,0.03603351955307262,0.05884543761638734,0.05232774674115456,0.39683426443202985,0.1277467411545624,0.054096834264432035,0.004003724394785847,0.011359404096834265,0.026350093109869646,0.0,0.0016759776536312849,0.002420856610800745,0.013873370577281193,0.04273743016759777,1074000.0,22201.0,1277.5747888601684,13.1,2233.92
4,Baleares,2008-01-01,0.7084200567644275,0.014096499526963102,0.19214758751182592,0.002270577105014191,0.023178807947019868,0.026868495742667926,0.033301797540208136,0.23103122043519395,0.06584673604541154,0.03632923368022706,0.0013245033112582781,0.006338694418164616,0.023841059602649005,0.0001892147587511826,0.002554399243140965,0.001892147587511826,0.017123935666982025,0.03008514664143803,1057000.0,26077.0,1148.0989286788663,14.4,1966.02
5,Canarias,2008-01-01,0.6697512437810945,0.016666666666666666,0.1890547263681592,0.002437810945273632,0.0545273631840796,0.02064676616915423,0.023781094527363184,0.19119402985074627,0.06293532338308458,0.030597014925373138,0.002238805970149254,0.005074626865671642,0.015074626865671641,4.9751243781094526e-05,0.0020895522388059704,0.001990049751243781,0.013930348258706468,0.03746268656716418,2010000.0,21049.0,1407.429070956434,27.9,3256.2
6,Cantabria,2008-01-01,0.9504302925989673,0.023407917383821,0.26592082616179,0.004647160068846816,0.03098106712564544,0.04061962134251291,0.041135972461273665,0.27555938037865746,0.12960413080895009,0.039586919104991396,0.005335628227194493,0.008950086058519793,0.01876075731497418,0.0,0.002237521514629948,0.0010327022375215145,0.02874354561101549,0.03390705679862307,581000.0,22818.0,1307.5058387826998,11.2,1051.61
7,Castilla y León,2008-01-01,1.075883739198743,0.025648075412411625,0.30066771406127263,0.0036135113904163397,0.03342498036135114,0.03087195600942655,0.04638648860958366,0.3362529457973292,0.1197172034564022,0.05542026708562451,0.004516889238020424,0.01225451688923802,0.03342498036135114,3.927729772191673e-05,0.0012568735271013354,0.0018067556952081698,0.030950510604870383,0.03963079340141398,2546000.0,22242.0,1311.491219647914,23.6,4251.82
8,Castilla La Mancha,2008-01-01,0.8861951219512195,0.018585365853658536,0.22229268292682924,0.003121951219512195,0.034,0.02682926829268293,0.03663414634146341,0.2796585365853658,0.11751219512195121,0.043512195121951217,0.003024390243902439,0.01024390243902439,0.023951219512195122,0.0,0.0017073170731707317,0.0023414634146341463,0.02917073170731707,0.03360975609756098,2050000.0,19471.0,1296.4608233024348,29.5,3608.0
9,Cataluña,2008-01-01,0.814829876643622,0.01602277348515657,0.22427816185441235,0.003646468754236139,0.02827707740273824,0.040639826487732136,0.04743120509692287,0.24120916361664632,0.08362477972075369,0.03788803036464688,0.0017757896163752202,0.007658939948488546,0.022244814965433103,4.06669377795852e-05,0.0018571234919343908,0.002101125118611902,0.021811034295784192,0.03432289548596991,7377000.0,28157.0,1252.831695846215,13.4,15713.01
10,Valencia,2008-01-01,0.807803992740472,0.016878402903811252,0.2141359144988909,0.0032062915910465815,0.027424884049203468,0.027646702964307317,0.0402500504133898,0.2670094777172817,0.08487598306110103,0.04135914498890905,0.003246622302883646,0.006553740673522887,0.023089332526719096,4.0330711837063925e-05,0.002500504133897963,0.0018148820326678767,0.018451300665456746,0.029320427505545473,4959000.0,21677.0,1107.0436326537758,22.3,7884.81
11,Extremadura,2008-01-01,0.9570119156736938,0.02007332722273144,0.25499541704857925,0.001924839596700275,0.02914757103574702,0.023281393217231897,0.035288725939505036,0.3160403299725023,0.10889092575618699,0.046012832263978,0.002016498625114574,0.008890925756186985,0.027222731439046747,9.165902841429881e-05,0.0026581118240146654,0.001924839596700275,0.052887259395050415,0.025664527956003665,1091000.0,16720.0,1468.2844057902662,37.9,1843.79
12,Galicia,2008-01-01,1.0735144927536233,0.0191304347826087,0.28554347826086957,0.002644927536231884,0.02489130434782609,0.04152173913043478,0.04072463768115942,0.3657608695652174,0.13369565217391305,0.04778985507246377,0.003369565217391304,0.0067028985507246374,0.024275362318840577,0.0,0.0015217391304347826,0.0014130434782608696,0.03119565217391304,0.043333333333333335,2760000.0,21145.0,1320.9826152274352,21.2,4885.2
13,Madrid,2008-01-01,0.656851822377845,0.013114754098360657,0.190705077192424,0.002132739137354767,0.01231895591278052,0.01273277096928219,0.024574247970714627,0.1866783383733885,0.10590482253700462,0.03181601145949387,0.0019099156453923284,0.004042654782747095,0.020276937768581887,0.0,0.0014801846251790546,0.00151201655260226,0.0267547349992042,0.020897660353334395,6283000.0,32025.0,1116.8659574080343,15.0,11937.7
14,Murcia,2008-01-01,0.7266946191474494,0.013626834381551363,0.1870020964360587,0.002236198462613557,0.02215234102026555,0.014675052410901467,0.033193570929419984,0.24185883997204752,0.08902865129280223,0.03612858141160028,0.003004891684136967,0.0068483577917540185,0.028441649196366176,0.0001397624039133473,0.003074772886093641,0.0016771488469601676,0.012299091544374564,0.031306778476589796,1431000.0,20327.0,1243.7131499493626,26.0,2232.36
15,Navarra,2008-01-01,0.8508038585209003,0.013022508038585208,0.23038585209003212,0.003697749196141479,0.023633440514469452,0.027813504823151126,0.04967845659163987,0.25594855305466235,0.10868167202572347,0.04742765273311897,0.004340836012861737,0.007556270096463022,0.021543408360128618,0.0,0.0004823151125401929,0.0022508038585209006,0.017041800643086816,0.03729903536977492,622000.0,29772.0,1415.9759570022716,5.9,1411.94
16,Euskadi,2008-01-01,0.8971837488457988,0.017636195752539243,0.26823638042474607,0.004247460757156048,0.025023084025854108,0.04298245614035088,0.04843028624192059,0.2625115420129271,0.0896583564173592,0.04515235457063712,0.0016620498614958448,0.0075253924284395205,0.020683287165281627,0.0,0.0015235457063711912,0.0016620498614958448,0.027562326869806093,0.032686980609418284,2166000.0,30819.0,1513.3015786247547,10.4,3530.58
17,La Rioja,2008-01-01,0.8993710691823898,0.010377358490566037,0.24276729559748428,0.002515723270440252,0.026100628930817608,0.025157232704402514,0.059119496855345906,0.2952830188679245,0.1018867924528302,0.04874213836477987,0.00220125786163522,0.006603773584905661,0.015723270440251572,0.0003144654088050315,0.004088050314465409,0.0018867924528301887,0.017924528301886792,0.038679245283018866,318000.0,25898.0,1265.3030946124493,21.4,559.68
0,NACIONAL,2007-01-01,0.8518900875408967,0.017203112565213546,0.22842205323193918,0.0028495003979131664,0.027051463436201253,0.02721283933150588,0.03696834379697586,0.27439649836413477,0.09733177115571669,0.04343885401008046,0.0026218056415244495,0.007480767530285613,0.022482093907507293,2.8738173136440004e-05,0.0021420992130161817,0.0019674595454947388,0.02510832080643735,0.03518436643381378,45236000.0,23776.0,1172.2007052728493,19.7,76901.2
1,Andalucía,2007-01-01,0.8100347739692001,0.015424739195230998,0.2001117734724292,0.0022727272727272726,0.025832091405861898,0.018715846994535518,0.03166915052160954,0.29044957774465974,0.08837555886736215,0.04510680576254347,0.0024714356681569795,0.0065201192250372575,0.019448584202682563,2.483854942871336e-05,0.003079980129160457,0.0025211127670144062,0.026490312965722802,0.03152011922503726,8052000.0,18382.0,1093.1552365005057,27.9,11272.8
2,Aragón,2007-01-01,1.014514896867838,0.01566080977845684,0.274331550802139,0.003972498090145149,0.032925897631779985,0.03101604278074866,0.04530175706646295,0.3282658517952636,0.10366692131398014,0.052406417112299465,0.00267379679144385,0.017112299465240642,0.03223834988540871,7.639419404125286e-05,0.0022918258212375857,0.0019098548510313215,0.034224598930481284,0.03644003055767762,1309000.0,25855.0,1263.9638846354437,17.3,2748.9
3,Asturias,2007-01-01,1.1860486891385766,0.017977528089887642,0.32153558052434456,0.003932584269662922,0.03679775280898877,0.059082397003745325,0.04868913857677903,0.40393258426966294,0.13052434456928838,0.056086142322097375,0.003558052434456929,0.009737827715355805,0.028838951310861425,9.363295880149813e-05,0.0028089887640449437,0.0025280898876404493,0.013389513108614233,0.04653558052434457,1068000.0,21634.0,1256.6259939877903,11.2,2189.4
4,Baleares,2007-01-01,0.7056585365853659,0.014048780487804877,0.19658536585365854,0.003902439024390244,0.022146341463414633,0.021658536585365852,0.029756097560975612,0.2292682926829268,0.07092682926829268,0.036000000000000004,0.0014634146341463415,0.0066341463414634145,0.02048780487804878,0.0,0.001951219512195122,0.0006829268292682926,0.015512195121951218,0.03463414634146342,1025000.0,25811.0,1081.0787087278836,15.7,1937.25
5,Canarias,2007-01-01,0.6677845528455285,0.01641260162601626,0.18231707317073173,0.001880081300813008,0.05640243902439024,0.0179369918699187,0.02383130081300813,0.20091463414634148,0.059959349593495935,0.028861788617886183,0.0033536585365853662,0.004827235772357724,0.014126016260162603,0.0,0.002489837398373984,0.002489837398373984,0.015904471544715446,0.036077235772357726,1968000.0,21050.0,1296.1228695816403,27.5,3188.16
6,Cantabria,2007-01-01,0.9816433566433567,0.0236013986013986,0.2708041958041958,0.0029720279720279724,0.0256993006993007,0.03164335664335664,0.033041958041958044,0.3055944055944056,0.12220279720279721,0.04912587412587413,0.004195804195804196,0.008391608391608392,0.025,0.0,0.0012237762237762237,0.0015734265734265733,0.039510489510489515,0.03706293706293706,572000.0,22390.0,1269.5237020378245,11.9,1046.76
7,Castilla y León,2007-01-01,1.082001582278481,0.026186708860759494,0.31099683544303797,0.004588607594936709,0.0319620253164557,0.029153481012658227,0.04454113924050633,0.3432753164556962,0.12246835443037975,0.053125000000000006,0.004034810126582279,0.012302215189873417,0.032041139240506326,0.0,0.0011867088607594937,0.002056962025316456,0.022151898734177215,0.041930379746835444,2528000.0,21938.0,1212.319136461942,23.3,4196.48
8,Castilla La Mancha,2007-01-01,0.9059410883674488,0.016225661507738395,0.23155267099350973,0.002496255616575137,0.03394907638542187,0.028107838242636046,0.037144283574638046,0.2854717923115327,0.1165751372940589,0.046829755366949576,0.002995506739890165,0.011333000499251124,0.025012481278082876,0.0,0.0023964053919121315,0.001947079380928607,0.028107838242636046,0.035796305541687466,2003000.0,19154.0,1220.7182096947129,28.6,3284.92
9,Cataluña,2007-01-01,0.8297151548672567,0.016814159292035398,0.22719856194690266,0.003387721238938053,0.02728152654867257,0.04008573008849557,0.04675055309734513,0.24893528761061948,0.08689159292035398,0.04056969026548672,0.0016592920353982303,0.0075774336283185835,0.022621681415929205,5.5309734513274336e-05,0.0016039823008849557,0.001493362831858407,0.02137721238938053,0.035412057522123896,7232000.0,27983.0,1214.2481914306777,13.8,14825.599999999999
10,Valencia,2007-01-01,0.8212656667351551,0.01715635915348264,0.21261557427573455,0.0032052599137045406,0.02851859461680707,0.027943291555372923,0.03782617628929526,0.276248202177933,0.08705568111773165,0.042140949250051365,0.0031436202999794534,0.006883090199301418,0.022457365933840148,2.054653790836244e-05,0.0022190260941031435,0.0018491884117526195,0.01927265255804397,0.032710088350113006,4867000.0,21462.0,1060.047969711687,17.4,7543.85
11,Extremadura,2007-01-01,0.9916129032258065,0.02055299539170507,0.26101382488479263,0.0023963133640552995,0.03133640552995391,0.02423963133640553,0.03686635944700461,0.3244239631336405,0.12101382488479263,0.051244239631336404,0.002857142857142857,0.010230414746543778,0.026359447004608298,0.0,0.0014746543778801843,0.0019354838709677422,0.046635944700460834,0.029032258064516127,1085000.0,16177.0,1349.292932691231,40.2,1801.1
12,Galicia,2007-01-01,1.0978886057517292,0.02307972333454678,0.29286494357480886,0.001929377502730251,0.0237349836184929,0.03545686203130688,0.03902439024390244,0.372843101565344,0.136112122315253,0.05009100837277029,0.004331998543866036,0.0072806698216235895,0.0237349836184929,3.640334910811795e-05,0.0017109574080815435,0.0010921004732435383,0.03385511467054969,0.0507098653076083,2747000.0,20425.0,1236.0550356884585,19.4,4669.9
13,Madrid,2007-01-01,0.6728381014304291,0.013865409622886867,0.1930266579973992,0.002194408322496749,0.013263979193758128,0.014044213263979193,0.026219115734720418,0.1907184655396619,0.10227568270481144,0.03551690507152146,0.0021293888166449937,0.004453836150845253,0.020009752925877762,3.250975292587776e-05,0.0015442132639791938,0.0019018205461638492,0.02896618985695709,0.02267555266579974,6152000.0,31490.0,1070.0357661964774,12.8,10642.96
14,Murcia,2007-01-01,0.7173789173789173,0.012606837606837607,0.17656695156695157,0.0019230769230769232,0.019444444444444445,0.015242165242165243,0.029914529914529916,0.24287749287749288,0.08931623931623932,0.03981481481481481,0.0019230769230769232,0.004344729344729345,0.02841880341880342,0.0,0.002777777777777778,0.0029914529914529917,0.012678062678062678,0.03653846153846154,1404000.0,19920.0,1133.854346441165,26.9,2190.24
15,Navarra,2007-01-01,0.8477832512315271,0.015599343185550082,0.24269293924466337,0.0016420361247947454,0.026600985221674877,0.026108374384236455,0.047126436781609195,0.2477832512315271,0.10755336617405582,0.04417077175697865,0.0034482758620689655,0.008538587848932678,0.019376026272577996,0.0,0.0008210180623973727,0.0021346469622331695,0.017241379310344827,0.03694581280788178,609000.0,29136.0,1339.1314004962683,5.3,1351.9800000000002
16,Euskadi,2007-01-01,0.894979079497908,0.018363551836355185,0.2701999070199907,0.003254300325430032,0.027801022780102276,0.04067875406787541,0.04537424453742445,0.2653649465364946,0.08623895862389586,0.04593212459321246,0.0015341701534170153,0.00701999070199907,0.018503021850302184,4.649000464900046e-05,0.0027429102742910273,0.0016736401673640166,0.026220362622036263,0.03403068340306834,2151000.0,29883.0,1365.376355009344,12.5,3312.54
17,La Rioja,2007-01-01,0.9121794871794872,0.01346153846153846,0.25224358974358974,0.005128205128205128,0.02692307692307692,0.023076923076923075,0.05512820512820513,0.30256410256410254,0.08814102564102565,0.049358974358974364,0.0016025641025641025,0.011217948717948718,0.016025641025641024,0.0,0.0019230769230769232,0.0016025641025641025,0.02435897435897436,0.03942307692307692,312000.0,25438.0,1339.9107952790966,20.1,521.04
